t,x1_t,x2_t,x3_t,y_t,E_t
0.0,0.2,0.3,0.5,0.9692,0.8794799999999999
0.1001001001001001,0.17923092980273883,0.34569238486386755,0.47507668533339364,0.9693896643773895,0.9441628215803325
0.2002002002002002,0.15897285550773177,0.39425737050328913,0.4467697739889791,0.9695831063899282,0.9936749859404885
0.3003003003003003,0.1394982370315047,0.444841615091574,0.4156601478769214,0.969780356365045,1.0243162596445856
0.4004004004004004,0.12107129163481047,0.496437797512509,0.38249091085268055,0.9699813244960904,1.03371309859681
0.5005005005005005,0.10392856690084838,0.5479521211109061,0.3481193119882456,0.9701857966708372,1.0212101597618455
0.6006006006006006,0.08825574740887879,0.5983114781424548,0.3134327744486664,0.970393443426385,0.9879788992818654
0.7007007007007008,0.07417104261374054,0.6465476186651371,0.27928133872112243,0.9706038366504192,0.9367902324473667
0.8008008008008008,0.0617249890793327,0.6918513959486151,0.2464236149720522,0.9708164706647524,0.8715675670925722
0.9009009009009009,0.05090357749628549,0.7336321817853896,0.21546424071832498,0.9710307983633393,0.7967890015681418
1.001001001001001,0.041632792869848154,0.7715249224111587,0.18684228471899322,0.9712462526143876,0.716909972318508
1.1011011011011012,0.033798532096364554,0.8053775267438903,0.16082394115974524,0.971462277023152,0.6359144138808152
1.2012012012012012,0.027259992950240862,0.835216082414307,0.13752392463545215,0.9716783459630277,0.557042480264136
1.3013013013013013,0.021859748491578974,0.8612126800472207,0.11692757146120039,0.9718939749003623,0.48265835915576133
1.4014014014014016,0.017443449018441977,0.8836318132945387,0.09892473768701948,0.9721087378380402,0.4143123216688964
1.5015015015015016,0.013860142719582495,0.902799945450066,0.08333991183035162,0.9723222620022918,0.3528246162962406
1.6016016016016017,0.010973378346454727,0.9190688847689863,0.06995773688455909,0.9725342346822319,0.2984551185906742
1.7017017017017018,0.008661740831056539,0.9327916807197386,0.05854657844920495,0.9727443966569315,0.2510575578304587
1.8018018018018018,0.006819287566781003,0.9443091508967941,0.04887156153642502,0.9729525377666864,0.21020725826387232
1.9019019019019021,0.005357747445636584,0.9539332422031614,0.040709010351202085,0.9731584938596503,0.17533721432967986
2.002002002002002,0.004201602399317425,0.9619491534756365,0.03384924412504619,0.9733621367115122,0.14579266327202117
2.1021021021021022,0.003290344988477442,0.9686053393101824,0.02810431570134021,0.973563373197038,0.12092208107970678
2.2022022022022023,0.002573539405836455,0.9741204902503399,0.023305970343823795,0.9737621358444155,0.10008902773302436
2.3023023023023024,0.0020107403289584816,0.9786820553615697,0.01930720430947195,0.9739583806026684,0.08270833641128467
2.4024024024024024,0.0015699652024408664,0.9824483231310908,0.015981711666468446,0.9741520825348222,0.0682599710843457
2.5025025025025025,0.001224733471382924,0.9855557787434264,0.013219487785190855,0.9743432304708826,0.05627498084156134
2.6026026026026026,0.0009549732092701572,0.9881162938465041,0.01092873294422585,0.9745318268675336,0.04635862925239046
2.702702702702703,0.0007443966662578558,0.9902246155272016,0.009030987806540509,0.9747178830579858,0.03816774384666498
2.802802802802803,0.000579832795813236,0.9919607146346734,0.007459452569513441,0.9749014176174007,0.031406696670584024
2.902902902902903,0.0004516195649624106,0.9933886080938811,0.006159772341156545,0.975082456138494,0.025836296959435297
3.0030030030030033,0.000351741676895744,0.9945628441509078,0.005085414172196512,0.9752610279634584,0.02124981447421225
3.1031031031031033,0.00027373813198170116,0.9955291679117024,0.004197093956315896,0.9754371656995661,0.017472121018199345
3.2032032032032034,0.00021305329148072475,0.9963233989708664,0.0034635477376528897,0.9756109053264254,0.014365667931530409
3.3033033033033035,0.00016589467435125779,0.9969760139556528,0.00285809136999601,0.9757822841612889,0.011812543774360904
3.4034034034034035,0.00012906315991818547,0.9975130775163621,0.0023578593237197293,0.9759513404305757,0.009711262716491847
3.5035035035035036,0.00010036782814502125,0.9979547421423414,0.0019448900295136564,0.9761181137022981,0.007983392215251427
3.6036036036036037,7.812671113420003e-05,0.9983174303134134,0.0016044429754525026,0.9762826439701711,0.006564889197069299
3.7037037037037037,6.08376698292174e-05,0.9986155742632391,0.0013235880669317328,0.9764449709899962,0.005399210856378489
3.8038038038038042,4.7287813354947165e-05,0.9988612372374445,0.001091474949200658,0.9766051344036196,0.0044390103979720505
3.9039039039039043,3.675181729345771e-05,0.999063214657164,0.0009000335255426519,0.976763173995791,0.0036499111963507773
4.004004004004004,2.8616333612435656e-05,0.9992289770051139,0.0007424066612736899,0.9769191290209986,0.0030026582113703466
4.104104104104104,2.2309157120031483e-05,0.9993652118744089,0.000612478968471124,0.9770730380297618,0.002470983293518487
4.2042042042042045,1.73383909511231e-05,0.9994776626520724,0.0005049989569765186,0.9772249389285398,0.0020322946197795753
4.3043043043043046,1.345314612897057e-05,0.9995702940997715,0.0004162527540995295,0.9773748692477001,0.0016710948792803449
4.404404404404405,1.0461292579062622e-05,0.9996462883556712,0.0003432503517498238,0.9775228658287343,0.0013749474212720143
4.504504504504505,8.16932594135749e-06,0.9997085848709898,0.0002832458030689234,0.9776689646934904,0.001132333773849312
4.604604604604605,6.383539466390872e-06,0.9997598809440654,0.0002337355164682037,0.9778132010452621,0.0009326571966552617
4.704704704704705,4.951456921575571e-06,0.9998024156223007,0.00019263292077777971,0.977955609357627,0.0007671268425605956
4.804804804804805,3.829132544789067e-06,0.9998374941926045,0.00015867667485068988,0.9780962235227052,0.0006306711332677295
4.904904904904905,2.9713914531069555e-06,0.9998662295136184,0.0001307990949285009,0.9782350766571916,0.0005189555808952934
5.005005005005005,2.3263898774485504e-06,0.9998896966511329,0.00010797695898957308,0.9783722011055533,0.00042778146536674353
5.105105105105105,1.8357489505626653e-06,0.9999089324648419,8.923178620752787e-05,0.9785076284403414,0.0003530881132298091
5.205205205205205,1.436211060089078e-06,0.9999249261014459,7.363768749388605e-05,0.9786413894683201,0.0002909918882205763
5.305305305305305,1.105823424716622e-06,0.9999382924108057,6.0601765769517e-05,0.9787735143769258,0.00023909900120464635
5.405405405405406,8.467573317442504e-07,0.999949318148599,4.983509406918995e-05,0.9789040326821312,0.00019630776487478057
5.505505505505506,6.528154672243703e-07,0.9999583077747304,4.103940980228498e-05,0.9790329732104514,0.00016143824646954228
5.605605605605606,5.136548838181082e-07,0.9999655812204427,3.3905124673471066e-05,0.9791603641265111,0.00013324585265552988
5.705705705705706,4.147870007953185e-07,0.9999714738883164,2.8111324682706437e-05,0.9792862329330454,0.00011042137044996788
5.805805805805806,3.375776040345825e-07,0.9999763366522707,2.3325770125238515e-05,0.9794106064708997,9.15910029667156e-05
5.9059059059059065,2.6334052135513896e-07,0.9999805017160697,1.9234943408962417e-05,0.979533510946619,7.545276010888986e-05
6.0060060060060065,1.9810920453057772e-07,0.9999840372952372,1.5764595558237502e-05,0.9796549720571411,6.175086808916076e-05
6.106106106106107,1.4614062547120154e-07,0.99998696500945,1.2888849924548429e-05,0.9797750148540099,5.0407034907164785e-05
6.206206206206207,1.083907528104014e-07,0.9999893333428286,1.0558266418562178e-05,0.9798936638371646,4.123556567817961e-05
6.306306306306307,8.412840582327162e-08,0.9999912077318988,8.708139695338163e-06,0.980010942971111,3.398344857407062e-05
6.406406406406407,7.09352544266098e-08,0.9999926705655912,7.258499154328233e-06,0.9801268756849207,2.8330355876833348e-05
6.506506506506507,6.470581917891668e-08,0.9999938211852414,6.114108939376667e-06,0.9802414848722317,2.3888645577642558e-05
6.606606606606607,5.964747128039656e-08,0.99999477588459,5.1644679387201786e-06,0.9803547928912479,2.0203363138854144e-05
6.706706706706707,4.881783058861947e-08,0.99999566162519,4.2895569792260505e-06,0.9804668215745002,1.6777091775391213e-05
6.806806806806807,3.5080712295930186e-08,0.999996477015473,3.4879038146361266e-06,0.9805775923738291,1.3618543741369256e-05
6.906906906906907,2.2477396533645134e-08,0.9999971814494217,2.796073181663489e-06,0.9806871261810911,1.0888939313850806e-05
7.007007007007007,1.248944464920063e-08,0.999997762657189,2.224853366342395e-06,0.9807954434205765,8.637300029683293e-06
7.107107107107107,6.008187704554184e-09,0.9999982170282448,1.776963567482706e-06,0.9809025641047359,6.8785844516144454e-06
7.207207207207207,3.33472647618462e-09,0.9999985496113768,1.447053896669896e-06,0.9810085078341796,5.593687935794773e-06
7.307307307307307,4.1799314550919325e-09,0.9999987741146902,1.2217053782650395e-06,0.9811132937976776,4.729442525823514e-06
7.407407407407407,7.664442846797376e-09,0.9999989129056077,1.079429949404824e-06,0.98121694077216,4.19861695719854e-06
7.507507507507508,1.2318670571343476e-08,0.9999989970108694,9.9067046000154e-07,0.9813194671227167,3.87991674365424e-06
7.6076076076076085,1.608279426329393e-08,0.9999990661165329,9.178006727430895e-07,0.9814208908025971,3.617984289618495e-06
7.7077077077077085,1.630676327173361e-08,0.9999991685679736,8.151252630929787e-07,0.9815212293532108,3.223398955869459e-06
7.807807807807809,1.1409471569000002e-08,0.9999993279171435,6.606733848296164e-07,0.9816205000042716,2.6035432510758484e-06
7.907907907907909,4.212318886621875e-09,0.999999495055122,5.007325589950355e-07,0.9817187196856434,1.950980775057431e-06
8.008008008008009,0.0,0.9999996524644571,3.509586720008027e-07,0.9818159048028416,1.3516172891724968e-06
8.108108108108109,0.0,0.999999787599844,2.2246935358485072e-07,0.9819120714573243,8.545229545734814e-07
8.208208208208209,0.0,0.999999891501766,1.2317262623970911e-07,0.982007235452446,4.7051917592387904e-07
8.308308308308309,0.0,0.9999999587964943,5.7766905212503854e-08,0.9821014122934578,2.1790644797141026e-07
8.408408408408409,0.0,0.9999999876960876,2.774099850495692e-08,0.9821946171875078,1.0250806189987534e-07
8.508508508508509,0.0,0.9999999799983925,3.137410687338723e-08,0.98228686504364,1.1767009360028002e-07
8.608608608608609,0.0,0.9999999410870439,6.373582382870999e-08,0.9823781704727953,2.4426140369053154e-07
8.70870870870871,3.3824002700134905e-09,0.9999998799314641,1.1668613563643682e-07,0.9824685477878112,4.666981072268864e-07
8.80880880880881,1.2037715467429411e-08,0.9999998090868631,1.788754213166769e-07,0.9825580110034217,7.498511754138612e-07
8.90890890890891,1.9561307924259377e-08,0.9999997446942395,2.35744452644133e-07,0.9826465738362571,1.0068153131752395e-06
9.00900900900901,2.3995227181606915e-08,0.9999997064803787,2.6952439414810805e-07,0.9827342497048446,1.159274700912463e-06
9.10910910910911,2.3005342185998214e-08,0.9999997177578547,2.592368031124997e-07,0.9828210517296079,1.1146541584232453e-06
9.20920920920921,8.539859899570193e-09,0.9999997966566518,1.9480348830509166e-07,0.9829069929090937,7.936681987864703e-07
9.30930930930931,0.0,0.9999999249788565,9.867579476909339e-08,0.9829920860460266,3.735454436868929e-07
9.40940940940941,0.0,1.0,0.0,0.9830763434324123,0.0
9.50950950950951,0.0,1.0,0.0,0.983159777157222,0.0
9.60960960960961,0.0,1.0,0.0,0.9832423991102308,0.0
9.70970970970971,0.0,1.0,0.0,0.9833242209820182,0.0
9.80980980980981,0.0,1.0,0.0,0.9834052542639682,0.0
9.90990990990991,0.0,1.0,0.0,0.9834855102482689,0.0
10.01001001001001,0.0,1.0,0.0,0.9835650000279127,0.0
10.11011011011011,0.0,1.0,0.0,0.9836437344966962,0.0
10.21021021021021,0.0,1.0,0.0,0.9837217243492204,0.0
10.31031031031031,0.0,1.0,0.0,0.9837989800808908,0.0
10.41041041041041,1.4387361787369524e-08,0.9999999826523828,2.9602553991309707e-09,0.9838755119879167,8.367654112340942e-08
10.51051051051051,8.470025387700201e-08,0.99999977351955,1.4178019606906263e-07,0.983951330167312,9.71870030743622e-07
10.61061061061061,1.5273830633182338e-07,0.9999995681359223,2.7912577139282587e-07,0.9840264445168948,1.842954439741429e-06
10.710710710710712,2.111088737131807e-07,0.9999993882337666,4.0065735970473876e-07,0.9841008647352876,2.6045317436175525e-06
10.810810810810812,2.5119178073262353e-07,0.99999925915159,4.896566292523989e-07,0.9841746003219168,3.1488706309521857e-06
10.910910910910912,2.631393222519112e-07,0.9999992098341396,5.270265381966979e-07,0.9842476605770138,3.3529064445480487e-06
11.011011011011012,2.3587626328300995e-07,0.9999992728324021,4.912913346118133e-07,0.9843200546016135,3.0782410357176164e-06
11.111111111111112,1.4133312192401715e-07,0.9999994694445491,3.892223289467538e-07,0.9843917914242108,2.2099779546478365e-06
11.211211211211213,0.0,0.9999997527784503,2.6969494131067814e-07,0.9844628800146952,1.0329901324854243e-06
11.311311311311313,0.0,1.0,1.4858267449341886e-07,0.9845333290312325,5.302320959392904e-07
11.411411411411413,0.0,1.0,3.8419211548995345e-08,0.9846031469937087,1.371027958833684e-07
11.511511511511513,0.0,1.0,0.0,0.9846723422862492,0.0
11.611611611611613,0.0,1.0,0.0,0.9847409231572195,0.0
11.711711711711713,0.0,1.0,0.0,0.9848088977192248,0.0
11.811811811811813,0.0,1.0,0.0,0.9848762739491099,0.0
11.911911911911913,0.0,1.0,0.0,0.9849430596879598,0.0
12.012012012012013,0.0,1.0,0.0,0.9850092626410989,0.0
12.112112112112113,3.666062072059577e-08,0.9999999248835901,3.8455789109709996e-08,0.9850748903780917,3.3235488416358066e-07
12.212212212212213,3.036873146465074e-07,0.9999995653402336,1.3097245177532717e-07,0.9851399503327424,2.0301883281808704e-06
12.312312312312313,5.549766736860405e-07,0.9999992238283463,2.211949800559507e-07,0.9852044498030949,3.64013045967259e-06
12.412412412412413,7.486178723553102e-07,0.9999989577353119,2.936468157291543e-07,0.985268395951433,4.892017301855981e-06
12.512512512512513,8.348960449645067e-07,0.9999988350535786,3.300503764448677e-07,0.9853317958042804,5.465690617430713e-06
12.612612612612613,7.562922856178985e-07,0.9999989343806586,3.093270557253765e-07,0.9853946562524005,4.9909973049088415e-06
12.712712712712714,4.995957885128022e-07,0.9999992522382208,2.4816599061337874e-07,0.9854569841287063,3.4658987818768916e-06
12.812812812812814,1.5847953027395694e-07,0.9999996545902221,1.8693024757195438e-07,0.9855187861857688,1.516471330928329e-06
12.912912912912914,0.0,1.0,1.3074864042468e-07,0.9855800690040735,4.665895701781446e-07
13.013013013013014,0.0,1.0,8.350562431053844e-08,0.9856408390632398,2.979981594620649e-07
13.113113113113114,0.0,1.0,4.7872310411066446e-08,0.9857011027420828,1.708371231597013e-07
13.213213213213214,0.0,1.0,2.5306465950354444e-08,0.9857608663186119,9.030865335500427e-08
13.313313313313314,0.0,1.0,1.6052514195046702e-08,0.985820135970032,5.728500172266674e-08
13.413413413413414,0.0,1.0,1.9141534454341224e-08,0.9858789177727427,6.830847925523016e-08
13.513513513513514,0.0,1.0,3.2391262079989834e-08,0.9859372177023388,1.1559145613445713e-07
13.613613613613614,2.6148618568014504e-07,0.9999996861077258,5.2406088466298124e-08,0.9859950416336096,1.515417699938552e-06
13.713713713713714,6.421860474842602e-07,0.9999992832368915,7.457706105012508e-08,0.9860523953405402,3.513117991742572e-06
13.813813813813814,9.47709336382443e-07,0.9999989592087803,9.308188331088429e-08,0.98610928449631,5.119076246997351e-06
13.913913913913914,1.0829847753331107e-06,0.9999988161303099,1.0088491477054248e-07,0.9861657146732935,5.828636087621265e-06
14.014014014014014,9.389554794482091e-07,0.9999989707857344,9.025878610273311e-08,0.9862216913451699,5.064225522768498e-06
14.114114114114114,5.62496783180979e-07,0.999999366097944,7.140527277502288e-08,0.986277219961113,3.100615297745916e-06
14.214214214214214,1.0074729656979344e-07,0.9999998463200541,5.293264931022037e-08,0.9863323058729473,7.100559919482425e-07
14.314314314314315,0.0,1.0,3.631217781624202e-08,0.9863869543259774,1.2958363558877263e-07
14.414414414414415,0.0,1.0,2.264447610084337e-08,0.9864411704878835,8.080907658959694e-08
14.514514514514515,0.0,1.0,1.2659517671619019e-08,0.9864949594487208,4.517675451961249e-08
14.614614614614615,0.0,1.0,6.7166317360027615e-09,0.98654832622092,2.396897193168174e-08
14.714714714714715,0.0,1.0,4.8045032012673295e-09,0.9866012757392872,1.7145350070542755e-08
14.814814814814815,0.0,1.0,6.541172674524663e-09,0.9866538128610042,2.3342828727058642e-08
14.914914914914915,0.0,1.0,1.117403646272583e-08,0.9867059423656274,3.987566632792287e-08
15.015015015015017,4.6630824746889186e-07,0.9999995161119059,1.757984657266103e-08,0.9867576689550893,2.4100178895667178e-06
15.115115115115117,9.573399238245559e-07,0.9999990183953654,2.426471071095924e-08,0.9868089972536975,4.902229820451381e-06
15.215215215215217,1.321675444516067e-06,0.9999986489604631,2.9364092284088763e-08,0.986859931808135,6.751935847375985e-06
15.315315315315317,1.4280594450111811e-06,0.9999985412977446,3.064281039835714e-08,0.9869104770874602,7.291229347811712e-06
15.415415415415417,1.149652099338469e-06,0.9999988240798733,2.6268027386386105e-08,0.9869606374917306,5.875932562843048e-06
15.515515515515517,6.435672805778501e-07,0.9999993358135301,2.0619189289343753e-08,0.9870104174195342,3.3121026060640217e-06
15.615615615615617,7.790494235547671e-08,0.9999999068119135,1.5283144042243563e-08,0.9870598211763216,4.502177206534698e-07
15.715715715715717,0.0,1.0,1.0629685223892416e-08,0.9871088529941718,3.793309448846235e-08
15.815815815815817,0.0,1.0,6.9234505875608645e-09,0.987157517044141,2.470702571547245e-08
15.915915915915917,0.0,1.0,4.323922060983101e-09,0.9872058174362621,1.543034823711983e-08
16.016016016016017,0.0,1.0,2.8854257463570055e-09,0.9872537582195444,1.0296930308755095e-08
16.116116116116117,0.0,1.0,2.557131920344105e-09,0.9873013433819744,9.125380983812575e-09
16.216216216216218,0.0,1.0,3.183055034069568e-09,0.987348576850515,1.1359050168645733e-08
16.316316316316318,2.3554712361895308e-07,0.9999997599508227,4.502053713122263e-09,0.9873954624911061,1.2005038287410989e-06
16.416416416416418,8.174987620541294e-07,0.9999991763534072,6.1478307575546915e-09,0.9874420041086641,4.129986619880837e-06
16.516516516516518,1.3183093887735445e-06,0.9999986740416781,7.648933141882998e-09,0.9874882054470823,6.651338228728512e-06
16.616616616616618,1.5930423850794747e-06,0.9999983985288629,8.428752015087082e-09,0.9875340701892306,8.034323443848273e-06
16.716716716716718,1.468415055811077e-06,0.9999985237784954,7.806448740574612e-09,0.9875796019569897,7.405923945992962e-06
16.816816816816818,1.0052991113874634e-06,0.9999989884038377,6.2970509277767785e-09,0.9876248043601635,5.073881138008588e-06
16.916916916916918,4.6131287554484605e-07,0.9999995338172087,4.869915744201352e-09,0.9876696809764101,2.3359421401841237e-06
17.017017017017018,0.0,1.0,3.6120928921402847e-09,0.98771423530392,1.2890114672283196e-08
17.117117117117118,0.0,1.0,2.5857047614424326e-09,0.9877584707923072,9.2273459948014e-09
17.217217217217218,0.0,1.0,1.8279464295135439e-09,0.9878023908426075,6.523209629399771e-09
17.31731731731732,0.0,1.0,1.3510856613162692e-09,0.9878459988072794,4.8214842851338475e-09
17.41741741741742,0.0,1.0,1.1424629093701546e-09,0.9878892979902043,4.076993139155989e-09
17.51751751751752,0.0,1.0,1.1644913137516477e-09,0.987932291646686,4.155603725606886e-09
17.61761761761762,2.5375281757743047e-07,0.9999997448925257,1.3546567020940906e-09,0.9879749829834503,1.2798209231409562e-06
17.71771771771772,7.373430811300456e-07,0.9999992610314012,1.6255175895877268e-09,0.9880173751586465,3.7099362998340834e-06
17.81781781781782,1.1392432293248884e-06,0.9999988588920655,1.864705178979693e-09,0.9880594712818458,5.729598776552073e-06
17.91791791791792,1.3195439934046828e-06,0.9999986785210833,1.934923360574031e-09,0.988101274414042,6.635517904772927e-06
18.01801801801802,1.1264852583474426e-06,0.9999988718208597,1.6938819176224232e-09,0.988142787570334,5.6648572826105435e-06
18.11811811811812,7.267006824908186e-07,0.9999992719448789,1.354438552305512e-09,0.9881840137696366,3.6554348729726645e-06
18.21821821821822,2.9397328465886376e-07,0.9999997049850751,1.0416402445898105e-09,0.9882249559797968,1.4806418535255771e-06
18.31831831831832,0.0,1.0,7.72465202907177e-10,0.9882656171160583,2.7566193091587403e-09
18.41841841841842,0.0,1.0,5.584271846749855e-10,0.9883060000547874,1.992803277880786e-09
18.51851851851852,0.0,1.0,4.0557549629612445e-10,0.9883461076334726,1.4473367353545316e-09
18.61861861861862,0.0,1.0,3.1449499315899895e-10,0.9883859426507247,1.1223068188766444e-09
18.71871871871872,0.0,1.0,2.8030607963752795e-10,0.9884255078662767,1.0003002886129407e-09
18.81881881881882,0.0,1.0,2.9266470909114625e-10,0.9884648060009841,1.0444033055546827e-09
18.91891891891892,3.454097397787231e-07,0.9999996542544978,3.357623838648045e-10,0.9885038397368247,1.7362865508375666e-06
19.01901901901902,6.98357166313229e-07,0.9999993012545075,3.8832615528896766e-10,0.9885426117168983,3.5093422032721363e-06
19.11911911911912,9.475046948736306e-07,0.9999990520716865,4.236186236796173e-10,0.9885811245454275,4.760944195526983e-06
19.21921921921922,9.739255083352625e-07,0.9999990256650537,4.094379383382474e-10,0.9886193807877567,4.893601034148289e-06
19.31931931931932,7.183245907951338e-07,0.9999992813387834,3.366257966720328e-10,0.9886573829834275,3.609439181458884e-06
19.41941941941942,3.63563406884261e-07,0.9999996361747493,2.618438098094423e-10,0.9886951336675337,1.8271874740302039e-06
19.51951951951952,1.1200244330361517e-09,0.9999999986862698,1.937058175916598e-10,0.9887326353219283,6.3724249817464455e-09
19.61961961961962,0.0,1.0,1.3625435081098525e-10,0.9887698903955853,4.862372679524389e-10
19.71971971971972,0.0,1.0,9.219010458824373e-11,0.9888069013060714,3.289896059732546e-10
19.81981981981982,0.0,1.0,6.287193837278547e-11,0.9888436704395478,2.2436477645451668e-10
19.91991991991992,0.0,1.0,4.831687594248564e-11,0.9888802001507684,1.7242361735181777e-10
20.02002002002002,0.0,1.0,4.720010540374464e-11,0.9889164927630811,1.6843828924327542e-10
20.12012012012012,0.0,1.0,5.685497919148743e-11,0.9889525505684272,2.0289266390785285e-10
20.22022022022022,3.388086917557801e-07,0.9999996611180353,7.327301406916496e-11,0.9889883758273414,1.7021178761064956e-06
20.32032032032032,6.763239323896794e-07,0.9999993235849637,9.110389112875193e-11,0.9890239707689522,3.3975239286572845e-06
20.42042042042042,9.15099010836789e-07,0.9999990847973337,1.0365545579074936e-10,0.9890593375909811,4.596937612413809e-06
20.52052052052052,9.512123700813706e-07,0.9999990486847362,1.0289371780418265e-10,0.9890944784597435,4.778331741606519e-06
20.62062062062062,7.089621695845268e-07,0.9999992909526118,8.521874004889975e-11,0.9891293955180981,3.561442885592351e-06
20.72072072072072,3.260026357753447e-07,0.999999673931757,6.560726602688816e-11,0.9891640909073387,1.6377635558791722e-06
20.82082082082082,0.0,1.0,4.7154495796012883e-11,0.9891985667281978,1.6827551498617242e-10
20.92092092092092,0.0,1.0,3.1200451566681315e-11,0.989232825053855,1.1134191060739519e-10
21.02102102102102,0.0,1.0,1.8702049684306136e-11,0.9892668679317619,6.674012459679935e-11
21.12112112112112,0.0,1.0,1.0233100629305406e-11,0.9893006973836427,3.6517858475800393e-11
21.22122122122122,0.0,1.0,5.984309017102374e-12,0.9893343154054938,2.1355627420444412e-11
21.32132132132132,0.0,1.0,5.763273598125677e-12,0.9893677239675842,2.056681577248185e-11
21.421421421421424,0.0,1.0,8.994487257809396e-12,0.989400925014455,3.209773255051693e-11
21.521521521521525,1.7347366412312808e-07,0.9999998265116166,1.4719337016592442e-11,0.9894339204649197,8.714147920294509e-07
21.621621621621625,6.278399710093337e-07,0.9999993721384329,2.1596104029919376e-11,0.9894667122120645,3.1537214256595385e-06
21.721721721721725,1.0225021307114916e-06,0.9999989774699694,2.789996358824007e-11,0.9894993021232473,5.136130477131111e-06
21.821821821821825,1.2512107300741458e-06,0.999998748757747,3.152298511700953e-11,0.989531692040099,6.284945122675597e-06
21.921921921921925,1.1870705351742914e-06,0.9999988128994908,2.997413217668809e-11,0.9895638837785226,5.962763740052214e-06
22.022022022022025,8.017599035560564e-07,0.9999991982159507,2.414583120157893e-11,0.9895958791447845,4.027329824491975e-06
22.122122122122125,2.821388811768536e-07,0.9999997178428374,1.828155928828961e-11,0.989627679941369,1.4172536573636631e-06
22.222222222222225,0.0,1.0,1.2890617782983455e-11,0.9896592879366384,4.600145989495044e-11
22.322322322322325,0.0,1.0,8.343610508438099e-12,0.9896907048773548,2.977501441559772e-11
22.422422422422425,0.0,1.0,4.895932246096176e-12,0.9897219324887719,1.7471643469205643e-11
22.522522522522525,0.0,1.0,2.6877687360653207e-12,0.9897529724746347,9.59157869885131e-12
22.622622622622625,0.0,1.0,1.7440966771181825e-12,0.9897838265171797,6.223972943856328e-12
22.722722722722725,0.0,1.0,1.9746837266923816e-12,0.9898144962771349,7.04684472863035e-12
22.822822822822825,0.0,1.0,3.1740885008905425e-12,0.9898449833937196,1.1327078262672783e-11
22.922922922922925,3.913217131970379e-07,0.9999996086732652,5.02166057448031e-12,0.989875289484645,1.965627549620654e-06
23.023023023023026,9.68535463243426e-07,0.9999990314574553,7.081540480894329e-12,0.989905416146113,4.8649762121243695e-06
23.123123123123126,1.432175962389638e-06,0.999998567815235,8.802659712230177e-12,0.9899353649528179,7.193843481563289e-06
23.223223223223226,1.6369373393122688e-06,0.999998363053142,9.518740719250548e-12,0.9899651374579447,8.222359480965569e-06
23.323323323323326,1.4185912587633752e-06,0.9999985814002378,8.503543432512235e-12,0.9899947351939993,7.1256065570053736e-06
23.423423423423426,9.055942618697334e-07,0.9999990943989502,6.7880090390035346e-12,0.9900241597026843,4.548822018916292e-06
23.523523523523526,3.174758238292084e-07,0.9999996825190084,5.167849296218494e-12,0.9900534125101901,1.59470047367261e-06
23.623623623623626,0.0,1.0,3.747154693290234e-12,0.9900824951156487,1.3372068784185373e-11
23.723723723723726,0.0,1.0,2.600169730411976e-12,0.9901114090000721,9.278946022117887e-12
23.823823823823826,0.0,1.0,1.7712929188370261e-12,0.9901401556263513,6.321011067238315e-12
23.923923923923926,0.0,1.0,1.2750767808787888e-12,0.990168736439257,4.550231936227796e-12
24.024024024024026,0.0,1.0,1.0962278499107534e-12,0.9901971528654392,3.911991567390965e-12
24.124124124124126,0.0,1.0,1.189606670366502e-12,0.9902254063134274,4.245254354109577e-12
24.224224224224226,2.719485152188983e-07,0.9999997280500046,1.480227797739716e-12,0.9902534981736305,1.3660027252605564e-06
24.324324324324326,8.279316589437454e-07,0.9999991720664779,1.86325979858416e-12,0.990281429818337,4.158704460661155e-06
24.424424424424426,1.294447742630017e-06,0.9999987055500534,2.2040252505136888e-12,0.9903092026017145,6.5020110889137e-06
24.524524524524526,1.51969817641415e-06,0.9999984802994857,2.338000742202255e-12,0.9903368178598105,7.633441350143362e-06
24.624624624624627,1.3306466947515628e-06,0.9999986693512222,2.0830596476529647e-12,0.9903642769113077,6.68383748203304e-06
24.724724724724727,8.83494619300795e-07,0.9999991165037082,1.6725385545738254e-12,0.9903915810860127,4.437795997903527e-06
24.824824824824827,3.9338385499134237e-07,0.9999996066148517,1.2933645548500037e-12,0.9904187316999713,1.9759713108937436e-06
24.924924924924927,0.0,1.0,9.658449507407745e-13,0.9904457300449767,3.4466927215431267e-12
25.025025025025027,0.0,1.0,7.038074288139617e-13,0.9904725773977803,2.51159050589986e-12
25.125125125125127,0.0,1.0,5.1460005994594e-13,0.9904992750200915,1.836403014952673e-12
25.225225225225227,0.0,1.0,3.9909129932163214e-13,0.9905258241585785,1.4241915406238285e-12
25.325325325325327,0.0,1.0,3.5166998643451003e-13,0.9905522260448673,1.2549840366641791e-12
25.425425425425427,0.0,1.0,3.602453450865956e-13,0.9905784818955423,1.2855530740482462e-12
25.525525525525527,3.7661119381395014e-07,0.9999996233884,4.062469833884613e-13,0.9906045929121464,1.891718879755756e-06
25.625625625625627,7.681373968739278e-07,0.9999992318621386,4.646248937592251e-13,0.9906305602811806,3.858352971372982e-06
25.725725725725727,1.0463606318189808e-06,0.9999989536388644,5.038494529265563e-13,0.9906563851741041,5.255865895910501e-06
25.825825825825827,1.0779079013486579e-06,0.9999989220916128,4.859114219266776e-13,0.9906820687473347,5.4143274250221286e-06
25.925925925925927,8.019517870024771e-07,0.999999198047813,4.000608387075003e-13,0.9907076121500055,4.02820213751292e-06
26.026026026026027,4.33797034473226e-07,0.9999995662026522,3.134030485660557e-13,0.9907330165378861,2.1789627667877136e-06
26.126126126126128,6.617756271387939e-08,0.999999933822202,2.3542154772372104e-13,0.9907582830430576,3.3241078280044855e-07
26.226226226226228,0.0,1.0,1.7022305050896462e-13,0.9907834127842636,6.074629536288791e-13
26.326326326326328,0.0,1.0,1.2043921018074398e-13,0.9908084068677614,4.298170787040102e-13
26.426426426426428,0.0,1.0,8.722661892850566e-14,0.990833266387321,3.113044648518631e-13
26.526526526526528,0.0,1.0,7.026680787218518e-14,0.990857992424226,2.507563110282465e-13
26.626626626626628,0.0,1.0,6.77662470622072e-14,0.9908825860472728,2.418299051563064e-13
26.726726726726728,7.908941838918788e-08,0.9999999209105053,7.645634547948524e-14,0.9909070483127709,3.9726641178930163e-07
26.826826826826828,4.1325942083104795e-07,0.9999995867404876,9.159345103542256e-14,0.9909313802645433,2.075801565992593e-06
26.926926926926928,7.156046287205964e-07,0.9999992843952644,1.069588505719107e-13,0.9909555829339259,3.594479890029053e-06
27.027027027027028,8.951547355954455e-07,0.9999991048451496,1.148587698613303e-13,0.9909796573397678,4.496358654598963e-06
27.127127127127128,8.416227056843377e-07,0.9999991583771883,1.0612437407848732e-13,0.9910036044884313,4.227467701641227e-06
27.227227227227228,5.58064735675266e-07,0.9999994419351792,8.518091658330579e-14,0.9910274253844441,2.8031579312091384e-06
27.32732732732733,1.9466480593121493e-07,0.9999998053351297,6.455913469332921e-14,0.9910511210297783,9.778013786258103e-07
27.42742742742743,0.0,1.0,4.585848695646054e-14,0.9910746924096747,1.6364242543468163e-13
27.52752752752753,0.0,1.0,3.02806244615724e-14,0.9910981404987973,1.0803324368942425e-13
27.62762762762763,0.0,1.0,1.8629390838507192e-14,0.9911214662612339,6.648548047422585e-14
27.72772772772773,0.0,1.0,1.131082225807709e-14,0.9911446706504953,4.033667900255445e-14
27.82782782782783,0.0,1.0,8.33314743206396e-15,0.9911677546095162,2.971371830447656e-14
27.92792792792793,0.0,1.0,9.306787613219477e-15,0.9911907190706546,3.3199746319269687e-14
28.02802802802803,0.0,1.0,1.3444356595265013e-14,0.9912135649556919,4.800071334911599e-14
28.12812812812813,3.47307716729044e-07,0.9999996526922638,1.9560660712891683e-14,0.9912362931758328,1.744526130571987e-06
28.22822822822823,7.222181528984865e-07,0.9999992777818211,2.607269884176028e-14,0.9912589046317061,3.6276992624779414e-06
28.32832832832833,9.995198151502426e-07,0.9999990004801539,3.099966239850151e-14,0.9912814002133632,5.020583132805987e-06
28.42842842842843,1.0749801109093383e-06,0.9999989250198571,3.196293534071572e-14,0.9913037808002796,5.399619415792228e-06
28.52852852852853,8.480545306402417e-07,0.9999991519454422,2.7148230739594446e-14,0.9913260472632358,4.259774399490759e-06
28.62862862862863,4.250555774482783e-07,0.9999995749444015,2.1046630214172533e-14,0.9913482004782583,2.1350533390566436e-06
28.72872872872873,0.0,1.0,1.5172960748865263e-14,0.9913702413105202,5.416280226589774e-14
28.82882882882883,0.0,1.0,9.987807896614487e-15,0.9913921706144425,3.562229542999701e-14
28.92892892892893,0.0,1.0,5.829857150392866e-15,0.9914139892352067,2.078205274058334e-14
29.02902902902903,0.0,1.0,2.9158939432039422e-15,0.9914356980087536,1.0392886634442154e-14
29.12912912912913,0.0,1.0,1.3408036480820797e-15,0.9914572977617844,4.804174679104477e-15
29.22922922922923,0.0,1.0,1.0775715780925016e-15,0.9914787893117598,3.852837270384499e-15
29.32932932932933,0.0,1.0,1.977282986331254e-15,0.9915001734669004,7.0298710860732734e-15
29.42942942942943,4.4555711031527337e-08,0.9999999554442852,3.769123065925228e-15,0.9915214510261869,2.2380334102842566e-07
29.52952952952953,5.907689768723561e-07,0.999999409231017,6.060376950032168e-15,0.9915426227793597,2.967430841127667e-06
29.62962962962963,1.0993117820639052e-06,0.9999989006882096,8.336429711840658e-15,0.9915636895069189,5.521837043256442e-06
29.72972972972973,1.453855798380683e-06,0.9999985461441916,9.960766364570155e-15,0.9915846519801249,7.302707096610976e-06
29.82982982982983,1.5142755557470604e-06,0.9999984857244341,1.0174971861470885e-14,0.9916055109609976,7.606194637822262e-06
29.929929929929934,1.1677691869213538e-06,0.9999988322308044,8.546823832460222e-15,0.991626267205678,5.865697809129304e-06
30.030030030030034,6.11804161797736e-07,0.9999993881958315,6.662970195818849e-15,0.9916469214807772,3.0730904503122025e-06
30.130130130130134,1.0246380023145625e-08,0.999999989753615,4.903044856693536e-15,0.991667474540723,5.146758527885716e-08
30.230230230230234,0.0,1.0,3.385524951621766e-15,0.9916879271302884,1.2075021704900906e-14
30.330330330330334,0.0,1.0,2.193795071817144e-15,0.9917082799860107,7.835667933423385e-15
30.430430430430434,0.0,1.0,1.3761472631694023e-15,0.9917285338361926,4.9277929766090055e-15
30.530530530530534,0.0,1.0,9.45781026244387e-16,0.9917486894009014,3.376832272048151e-15
30.630630630630634,0.0,1.0,8.808033162840808e-16,0.9917687473919696,3.1405979224921258e-15
30.730730730730734,0.0,1.0,1.1242285432065839e-15,0.9917887085129946,3.998256393390593e-15
30.830830830830834,3.3862674873414915e-07,0.9999996613732497,1.583978571606122e-15,0.9918085734593388,1.7009215890225933e-06
30.930930930930934,9.529014038255379e-07,0.999999047098594,2.132882720753043e-15,0.9918283429181296,4.786419198664405e-06
31.031031031031034,1.4607537353869075e-06,0.9999985392462619,2.608677764593814e-15,0.9918480175682594,7.337355304803708e-06
31.131131131131134,1.7034338395214355e-06,0.9999982965661577,2.8140079317510532e-15,0.9918675980803854,8.556333611527152e-06
31.231231231231234,1.4985156593634983e-06,0.9999985014843381,2.5277400280472075e-15,0.9918870851173017,7.527032887390819e-06
31.331331331331334,9.958360607902828e-07,0.9999990041639372,2.0297850132777142e-15,0.99190647935287,5.002079559949551e-06
31.431431431431434,4.3618136962632943e-07,0.9999995638186289,1.567064914568467e-15,0.9919257814576761,2.190938070013493e-06
31.531531531531535,0.0,1.0,1.165456228026606e-15,0.9919449920890134,4.133213293270033e-15
31.631631631631635,0.0,1.0,8.4283107980438e-16,0.991964111897071,3.0119142715644844e-15
31.731731731731735,0.0,1.0,6.090572260991465e-16,0.9919831415249332,2.1728539968556954e-15
31.831831831831835,0.0,1.0,4.659980531533705e-16,0.99200208160858,1.675134365664154e-15
31.931931931931935,0.0,1.0,4.075125772546265e-16,0.9920209327768869,1.451410551144759e-15
32.032032032032035,0.0,1.0,4.1945544473559665e-16,0.9920396956516246,1.4744244567805884e-15
32.132132132132135,3.8618730756060263e-07,0.999999613812692,4.796769319740713e-16,0.9920583708474598,1.939818098616233e-06
32.232232232232235,8.516376762880829e-07,0.9999991483623232,5.580229453929488e-16,0.9920769589719541,4.277772407095859e-06
32.332332332332335,1.2001727238972711e-06,0.9999987998272755,6.163350214602381e-16,0.9920954606255649,6.028460359336014e-06
32.432432432432435,1.2817435321022503e-06,0.9999987182564674,6.084503266890532e-16,0.9921138764016451,6.438189511941378e-06
32.532532532532535,9.95417623776179e-07,0.9999990045823757,5.086355348521039e-16,0.9921322068903567,4.999977749114956e-06
32.632632632632635,5.907831713987293e-07,0.9999994092168282,4.025489191121488e-16,0.9921504526930309,2.9675021183524955e-06
32.732732732732735,1.845945127582532e-07,0.9999998154054869,3.0722565487537566e-16,0.9921686143980697,9.272180675971323e-07
32.832832832832835,0.0,1.0,2.272798060467724e-16,0.9921866925865676,8.265462448709351e-16
32.932932932932935,0.0,1.0,1.6562246684621897e-16,0.9922046878336765,5.96710249768953e-16
33.033033033033036,0.0,1.0,1.234617618084878e-16,0.9922226007086061,4.599554199299872e-16
33.133133133133136,0.0,1.0,1.0030284578324318e-16,0.9922404317746232,3.5981703751808305e-16
33.233233233233236,0.0,1.0,9.394790393504188e-17,0.992258181589052,3.4757106457659917e-16
33.333333333333336,1.223075901691621e-07,0.9999998776924097,1.0049615174333276e-16,0.9922758507032745,6.143509506784168e-07
33.433433433433436,4.6246373529186804e-07,0.9999995375362646,1.14343835002457e-16,0.9922934396627299,2.322954268497462e-06
33.533533533533536,7.622626404474836e-07,0.9999992377373594,1.281842298216476e-16,0.9923109490069147,3.828842324852337e-06
33.633633633633636,9.211716193977932e-07,0.9999990788283805,1.3300764262502982e-16,0.9923283792693832,4.6270407824615405e-06
33.733733733733736,8.20679235229025e-07,0.9999991793207647,1.1851008745382815e-16,0.9923457309779169,4.122268415954709e-06
33.833833833833836,5.262784898723568e-07,0.99999947372151,9.465686905735317e-17,0.9923630046643709,2.6434954637665203e-06
33.933933933933936,1.8049448550313398e-07,0.9999998195055144,7.191110359359708e-17,0.992380200858224,9.066236373558811e-07
34.034034034034036,0.0,1.0,5.181050249128918e-17,0.9923973200807649,2.1086114076322988e-16
34.134134134134136,0.0,1.0,3.5468130855523304e-17,0.9924143628482065,1.2385823938985122e-16
34.234234234234236,0.0,1.0,2.3572407467757817e-17,0.9924313296716855,1.0093518042162712e-16
34.334334334334336,0.0,1.0,1.638710478581561e-17,0.9924482210572627,3.1577950922266676e-17
34.434434434434436,0.0,1.0,1.3751348943884118e-17,0.9924650375059234,2.6498849414864694e-17
34.53453453453454,0.0,1.0,1.507961975251524e-17,0.9924817795135767,2.9058427263096865e-17
34.63463463463464,1.13602033552975e-07,0.9999998863979664,1.9361750698625535e-17,0.9924984475710558,5.706229498458884e-07
34.73473473473474,4.5272040450663463e-07,0.9999995472795955,2.5162928945496066e-17,0.9925150421641178,2.274013562455636e-06
34.83483483483484,7.497903882325231e-07,0.9999992502096118,3.062369533277225e-17,0.9925315637734445,3.7661942963314322e-06
34.93493493493494,9.176301126830539e-07,0.9999990823698873,3.345994437646429e-17,0.9925480128746412,4.609251826558325e-06
35.03503503503504,8.514444095959245e-07,0.9999991485555904,3.096460725087821e-17,0.9925643899382394,4.276801628041636e-06
35.13513513513514,5.45698671146532e-07,0.9999994543013289,2.4727002515587707e-17,0.992580695435549,2.7410429295104033e-06
35.23523523523524,1.4065006414383265e-07,0.9999998593499358,1.845886541666148e-17,0.9925969298391631,7.064851729074998e-07
35.33533533533534,0.0,1.0,1.2697650001841463e-17,0.9926130936148184,2.4468371553548497e-17
35.43543543543544,0.0,1.0,7.854243718950694e-18,0.9926291872237097,1.5135127646417986e-17
35.53553553553554,0.0,1.0,4.212967415893321e-18,0.9926452111224898,8.118388210426429e-18
35.63563563563564,0.0,1.0,1.931575340654644e-18,0.9926611657632695,3.7221456814414985e-18
35.73573573573574,0.0,1.0,1.0412551413010515e-18,0.9926770515936176,2.006498657287126e-18
35.83583583583584,0.0,1.0,1.4466278659800555e-18,0.9926928690565614,2.7876518977435667e-18
35.93593593593594,0.0,1.0,2.9257479629202936e-18,0.9927086185905857,5.637916324547406e-18
36.03603603603604,2.876280370477232e-07,0.999999712371963,5.130103280431516e-18,0.9927243006296336,1.4447552145685832e-06
36.13613613613614,7.535544108287498e-07,0.9999992464455891,7.584615066904602e-18,0.9927399156031063,3.7851009533339257e-06
36.23623623623624,1.1362667650913776e-06,0.9999988637332349,9.687637970811543e-18,0.9927554639358628,5.707461475851868e-06
36.33633633633634,1.3245539195986704e-06,0.9999986754460803,1.071096004070541e-17,0.9927709460482205,6.6532255255888745e-06
36.43643643643644,1.1874889181736715e-06,0.9999988125110818,9.811397426051148e-18,0.9927863623559947,5.9647497529333014e-06
36.53653653653654,7.449752429281656e-07,0.999999255024757,7.810840993725086e-18,0.9928017132781845,3.7420078575417076e-06
36.63663663663664,1.8090829623583945e-07,0.9999998190917037,5.8281493771927246e-18,0.9928169992357055,9.087022076790389e-07
36.73673673673674,0.0,1.0,4.0257479529264085e-18,0.9928322206430589,7.757616305289188e-18
36.83683683683684,0.0,1.0,2.5264158214614183e-18,0.9928473779104836,4.8684032879561524e-18
36.93693693693694,0.0,1.0,1.413285807395973e-18,0.9928624714439572,2.72340175085204e-18
37.03703703703704,0.0,1.0,7.298444593912321e-19,0.9928775016451953,1.4064102732469042e-18
37.13713713713714,0.0,1.0,4.799320501712884e-19,0.9928924689116514,9.248290606800727e-19
37.23723723723724,0.0,1.0,6.27742576523178e-19,0.9929073736365176,1.209659944960164e-18
37.33733733733734,0.0,1.0,1.0978237592968822e-18,0.9929222162087241,2.1155063841650917e-18
37.43743743743744,4.9395812097095e-07,0.999999506041879,1.7750770434053036e-18,0.9929369970129392,2.4811504160303583e-06
37.53753753753754,1.1126147272306017e-06,0.9999988873852728,2.504757597824289e-18,0.9929517164295696,5.58865755684947e-06
37.63763763763764,1.5939361976324573e-06,0.9999984060638023,3.092474315592646e-18,0.9929663748347598,8.006328759142798e-06
37.73773773773774,1.7798295866805832e-06,0.9999982201704133,3.3041898138120815e-18,0.992980972600393,8.940068102060747e-06
37.83783783783784,1.5014593029134004e-06,0.9999984985406971,2.9048290382052946e-18,0.992995510094795,7.541818754746779e-06
37.93793793793794,9.416136664048836e-07,0.9999990583863336,2.3133370687406948e-18,0.9930099876965849,4.7297209928093355e-06
38.03803803803804,3.201778804998233e-07,0.9999996798221195,1.7612596663085525e-18,0.9930244057816461,1.6082529788631647e-06
38.13813813813814,0.0,1.0,1.2820845520160692e-18,0.9930387647190928,2.470576931734965e-18
38.23823823823824,0.0,1.0,8.9920972855941e-19,0.993053064874137,1.7327771469339831e-18
38.33833833833834,0.0,1.0,6.259434802237095e-19,0.9930673066080881,1.2061930863910882e-18
38.43843843843844,0.0,1.0,4.655043728830647e-19,0.9930814902783526,8.970269265456656e-19
38.53853853853854,0.0,1.0,4.110212540005413e-19,0.9930956162384348,7.92037956459043e-19
38.63863863863864,0.0,1.0,4.455332526281714e-19,0.9931096848379363,8.585425778144862e-19
38.73873873873874,3.8618532860291926e-07,0.9999996138146714,5.419897794069506e-19,0.9931236964225564,1.9398081564692935e-06
38.83883883883884,9.499398331126803e-07,0.9999990500601669,6.632505265668451e-19,0.9931376513340915,4.771543249014414e-06
38.93893893893894,1.394698774014482e-06,0.999998605301226,7.620854679267839e-19,0.9931515499104357,7.005562171219798e-06
39.03903903903904,1.5551226767487496e-06,0.9999984448773233,7.811748588946599e-19,0.9931653924855807,7.81136905765683e-06
39.13913913913914,1.2760982029417278e-06,0.999998723901797,6.707310276636282e-19,0.9931791793911268,6.409833093814917e-06
39.23923923923924,8.121697772830728e-07,0.9999991878302227,5.354528253681169e-19,0.9931929109702936,4.0795254779890775e-06
39.33933933933934,3.34027615688116e-07,0.9999996659723842,4.130716909044938e-19,0.9932065875600418,1.6778201532115124e-06
39.43943943943944,0.0,1.0,3.0941106755320415e-19,0.9932202094917244,5.962351271750244e-19
39.53953953953954,0.0,1.0,2.282073023636636e-19,0.9932337770934029,4.397554716547797e-19
39.63963963963964,0.0,1.0,1.71109646154259e-19,0.9932472906898479,3.297282881392571e-19
39.73973973973974,0.0,1.0,1.3768025351234835e-19,0.9932607506025382,2.6530984851829527e-19
39.83983983983984,0.0,1.0,1.2539418279426007e-19,0.9932741571496617,2.416345902445391e-19
39.93993993993994,1.1726825936359342e-07,0.9999998827317406,1.2963939612529397e-19,0.9932875106461153,5.890383977622102e-07
40.04004004004004,4.961012182002784e-07,0.9999995038987818,1.4371675939972061e-19,0.9933008114035042,2.491915182762307e-06
40.14014014014014,8.375295119720069e-07,0.999999162470488,1.5884004228078102e-19,0.9933140597301426,4.20690721523498e-06
40.24024024024024,1.0274786112588312e-06,0.9999989725213887,1.6413591820068844e-19,0.9933272559310534,5.161019761491635e-06
40.34034034034034,9.295965136827786e-07,0.9999990704034862,1.4693538989390524e-19,0.9933404003080538,4.669358947669018e-06
40.44044044044044,6.211875424159096e-07,0.9999993788124576,1.1808361262371954e-19,0.9933534931678397,3.120223087265783e-06
40.54054054054054,2.69645943440375e-07,0.9999997303540565,9.103966211597814e-20,0.9933665348172263,1.3544312086820464e-06
40.64064064064064,0.0,1.0,6.739977071179015e-20,0.993379525557297,1.2987935816161961e-19
40.74074074074074,0.0,1.0,4.8286117687872624e-20,0.9933924656863713,9.304734878453054e-20
40.84084084084084,0.0,1.0,3.434682925655035e-20,0.9934053555000028,6.618633997737253e-20
40.94094094094094,0.0,1.0,2.5755978565756148e-20,0.9934181952909807,4.9631770696212094e-20
41.04104104104104,0.0,1.0,2.2213585699030406e-20,0.9934309853493292,4.280557964203159e-20
41.14114114114114,0.0,1.0,2.2945617675521645e-20,0.9934437259623072,4.4216205260730205e-20
41.24124124124124,2.0257500052533124e-07,0.9999997974249994,2.6703988449986047e-20,0.993456417414409,1.017534021519504e-06
41.34134134134134,5.08776406477143e-07,0.9999994912235936,3.1766558912787824e-20,0.993469059987364,2.5555825895113885e-06
41.44144144144144,7.52212384862858e-07,0.9999992477876152,3.5937136889898756e-20,0.9934816539601362,3.7783599670425497e-06
41.54154154154154,8.405902446405739e-07,0.9999991594097554,3.6545477142898817e-20,0.9934941996089249,4.222281249600375e-06
41.64164164164164,6.809420430611743e-07,0.999999319057957,3.12374197279592e-20,0.9935066972077883,3.420369553212657e-06
41.74174174174174,3.6720933607383506e-07,0.999999632790664,2.4408194219970175e-20,0.9935191470348728,1.8444918177712927e-06
41.84184184184184,8.194088118735625e-09,0.9999999918059119,1.786869226186006e-20,0.9935315493659692,4.1158904281912365e-08
41.94194194194194,0.0,1.0,1.2109367774468804e-20,0.9935439044736459,2.3334751701401383e-20
42.04204204204204,0.0,1.0,7.488197758523943e-21,0.9935562126280008,1.4429757080675637e-20
42.14214214214214,0.0,1.0,4.230682294640584e-21,0.9935684740966612,8.152524781772405e-21
42.24224224224224,0.0,1.0,2.429844543321386e-21,0.9935806891447839,4.68231043498031e-21
42.34234234234234,0.0,1.0,2.0462307449566596e-21,0.9935928580350553,3.943086645531483e-21
42.44244244244244,0.0,1.0,2.9079102198242034e-21,0.9936049810276912,5.603542993601239e-21
42.54254254254254,7.159615869483724e-08,0.9999999284038413,4.710475368089449e-21,0.9936170583804368,3.596274793685257e-07
42.64264264264264,4.6218811344317825e-07,0.9999995378118866,7.017041669805376e-21,0.9936290903485668,2.321569820839853e-06
42.74274274274275,8.175938993381214e-07,0.9999991824061008,9.25824768491272e-21,0.9936410771848855,4.106770798663385e-06
42.84284284284285,1.0496451653377424e-06,0.9999989503548347,1.0732255053239247e-20,0.9936530191397266,5.272362131413165e-06
42.94294294294295,1.0523155263670648e-06,0.9999989476844736,1.0604748494500813e-20,0.993664916460953,5.2857753266546675e-06
43.04304304304305,7.528407907302319e-07,0.9999992471592093,8.686410532990866e-21,0.9936767693957449,3.7815164449431467e-06
43.14314314314315,2.8547954233311155e-07,0.9999997145204577,6.587347876539068e-21,0.9936885781957027,1.4339633317988546e-06
43.24324324324325,0.0,1.0,4.594820901654316e-21,0.9937003431095328,8.854219877487865e-21
43.34334334334335,0.0,1.0,2.864709447382721e-21,0.993712064383404,5.520295105106503e-21
43.44344344344345,0.0,1.0,1.5100321521745664e-21,0.9937237422610918,2.909831957240389e-21
43.54354354354355,0.0,1.0,6.009464538843162e-22,0.9937353769839781,1.1580238166350771e-21
43.64364364364365,0.0,1.0,1.6474858977061058e-22,0.9937469687910513,3.1747053248796656e-22
43.74374374374375,0.0,1.0,1.8587359649626162e-22,0.9937585179189062,3.581784204482961e-22
43.84384384384385,0.0,1.0,6.058953101282697e-22,0.9937700246017446,1.1675602626171757e-21
43.94394394394395,1.1699371196568189e-07,0.9999998830062881,1.3235263661377995e-21,0.9937814890713741,5.876593464143306e-07
44.04404404404405,7.08734125003095e-07,0.999999291265875,2.194618199400201e-21,0.9937929115572093,3.5599689868291755e-06
44.14414414414415,1.2469843608064271e-06,0.9999987530156391,3.0321610441950003e-21,0.9938042922862712,6.2635946337403135e-06
44.24424424424425,1.6068434526419573e-06,0.9999983931565474,3.60628393420588e-21,0.9938156314831872,8.071161693504165e-06
44.34434434434435,1.6386829777367497e-06,0.9999983613170222,3.6442547025207565e-21,0.9938269293701913,8.231091108981833e-06
44.44444444444445,1.2375045637030902e-06,0.9999987624954363,3.0338594906245426e-21,0.9938381861692331,6.215977731178318e-06
44.54454454454455,6.288997605821137e-07,0.9999993711002394,2.3586558546260825e-21,0.9938494021100628,3.1589615107563933e-06
44.64464464464465,0.0,1.0,1.732137400572587e-21,0.9938605774184888,3.337828770903375e-21
44.74474474474475,0.0,1.0,1.1954855875673683e-21,0.993871712317463,2.3037007272423184e-21
44.84484484484485,0.0,1.0,7.773487253991127e-22,0.9938828070275676,1.4979509938440901e-21
44.94494494494495,0.0,1.0,4.93841974541872e-22,0.993893861767015,9.516334849421873e-22
45.04504504504505,0.0,1.0,3.485473461550734e-22,0.993904876751648,6.716507360408263e-22
45.14514514514515,0.0,1.0,3.3251370208351406e-22,0.9939158521949399,6.407539039149315e-22
45.24524524524525,0.0,1.0,4.2425675485736e-22,0.9939267883079942,8.175427666101327e-22
45.34534534534535,4.2610186728324224e-07,0.9999995738981327,5.897590676921533e-22,0.9939376852995448,2.1403087673804442e-06
45.44544544544545,1.0790897423277177e-06,0.9999989209102577,7.824700544888015e-22,0.993948543375956,5.420261926762828e-06
45.54554554554555,1.602934419534088e-06,0.9999983970655804,9.433059798335858e-22,0.9939593627412222,8.051526683260972e-06
45.64564564564565,1.823366128955339e-06,0.9999981766338709,1.0006499589981581e-21,0.9939701435969686,9.15875136600499e-06
45.74574574574575,1.553237467575348e-06,0.9999984467625324,8.808793626775135e-22,0.9939808861429995,7.801899681398642e-06
45.84584584584585,1.0177392364799393e-06,0.9999989822607634,7.059653458055658e-22,0.9939915905887852,5.112098982058733e-06
45.94594594594595,4.461692294929221e-07,0.9999995538307704,5.4588235758061695e-22,0.9940022571420235,2.241107039864655e-06
46.04604604604605,0.0,1.0,4.0873571631424937e-22,0.9940128860056239,7.876337253375585e-22
46.14614614614615,0.0,1.0,2.9991330696297104e-22,0.9940234773804126,5.779329425176452e-22
46.24624624624625,0.0,1.0,2.220855811282155e-22,0.9940340314651339,4.279589148340712e-22
46.34634634634635,0.0,1.0,1.7520555705634166e-22,0.9940445484564487,3.3762110844757037e-22
46.44644644644645,0.0,1.0,1.5650881963863458e-22,0.994055028548936,3.015924954436488e-22
46.54654654654655,5.081842887389632e-08,0.9999999491815711,1.6051352041130462e-22,0.9940654719350916,2.5526095527061426e-07
46.64664664664665,5.065624597031769e-07,0.9999994934375402,1.7902037755548696e-22,0.9940758788053288,2.5444619461700497e-06
46.74674674674675,9.399126781110802e-07,0.9999990600873219,2.011126758972439e-22,0.9940862493479783,4.721176944663926e-06
46.84684684684685,1.220584872719422e-06,0.9999987794151273,2.131562669075624e-22,0.994096583749288,6.130990332259896e-06
46.94694694694695,1.188962841747326e-06,0.9999988110371583,1.9879956870235357e-22,0.9941068821934236,5.972153253441468e-06
47.04704704704705,8.523100846764456e-07,0.9999991476899153,1.6168292700403494e-22,0.9941171448675621,4.281149906515048e-06
47.14714714714715,4.6046713126154563e-07,0.9999995395328687,1.2682796688675917e-22,0.9941273719636028,2.3129253353393612e-06
47.24724724724725,9.292605733683701e-08,0.9999999070739426,9.627194489289794e-23,0.9941375636676402,4.6676754264011457e-07
47.34734734734735,0.0,1.0,7.130984102991949e-23,0.9941477201640359,1.3741406366465485e-22
47.44744744744745,0.0,1.0,5.267457299448637e-23,0.9941578416354561,1.0150390216037523e-22
47.54754754754755,0.0,1.0,4.053699617245532e-23,0.9941679282628713,7.81147916243214e-23
47.64764764764765,0.0,1.0,3.450590363887735e-23,0.9941779802255564,6.649287631211665e-23
47.74774774774775,0.0,1.0,3.3628026157997835e-23,0.994187997701091,6.480120640646183e-23
47.84784784784785,2.435679073592483e-07,0.9999997564320926,3.638803218325639e-23,0.9941979808653589,1.2234413006899896e-06
47.94794794794795,5.478007524559455e-07,0.9999994521992475,4.070852785728673e-23,0.9942079298925485,2.7516016722830176e-06
48.04804804804805,7.790307523267027e-07,0.9999992209692476,4.3950057011917044e-23,0.9942178449551526,3.9130684205474595e-06
48.14814814814815,8.34856177193094e-07,0.9999991651438228,4.291110116816979e-23,0.9942277262239685,4.193479077102762e-06
48.24824824824825,6.390629274309301e-07,0.9999993609370725,3.572383914137116e-23,0.9942375738692962,3.210011033069261e-06
48.34834834834835,3.3516175891069866e-07,0.999999664838241,2.786294016392998e-23,0.9942473880656991,1.683516950783981e-06
48.44844844844845,1.276936824004412e-08,0.9999999872306317,2.0586501300360657e-23,0.994257168984923,6.414053590120135e-08
48.54854854854855,0.0,1.0,1.4360533047754475e-23,0.9942669167968926,2.767274718302287e-23
48.64864864864865,0.0,1.0,9.507351187157664e-24,0.9942766316700651,1.8320665737652815e-23
48.74874874874875,0.0,1.0,6.20557678357147e-24,0.9942863137714293,1.1958146461942221e-23
48.84884884884885,0.0,1.0,4.490136185952101e-24,0.9942959632665066,8.652492430329698e-24
48.94894894894895,0.0,1.0,4.252261027210717e-24,0.9943055803193503,8.194106999435052e-24
49.04904904904905,0.0,1.0,5.239488224213516e-24,0.9943151650925458,1.0096493808059444e-23
49.14914914914915,2.2641321042393017e-07,0.9999997735867895,7.055659977781633e-24,0.9943247177472105,1.137273298483732e-06
49.24924924924925,5.438486954246771e-07,0.9999994561513046,9.160923772691168e-24,0.9943342384429941,2.7317505114262054e-06
49.34934934934935,7.932944556974526e-07,0.9999992067055442,1.0871732377673245e-23,0.9943437273380783,3.984714889967153e-06
49.44944944944945,8.871046856904455e-07,0.9999991128953143,1.136084384541394e-23,0.9943531845891769,4.455922883326819e-06
49.54954954954955,7.302707673827873e-07,0.9999992697292326,9.838034970578968e-24,0.9943626103517846,3.668147385831156e-06
49.64964964964965,3.8032161158643117e-07,0.9999996196783884,7.65249543172627e-24,0.9943720047841624,1.910354728473927e-06
49.74974974974975,0.0,1.0,5.499627453539584e-24,0.9943813680445599,1.0597782102970778e-23
49.84984984984985,0.0,1.0,3.562277938923186e-24,0.9943907002894037,6.864509588304979e-24
49.94994994994995,0.0,1.0,1.9780946929657413e-24,0.9944000016736987,3.8117884733449834e-24
50.050050050050054,0.0,1.0,8.395264229402937e-25,0.9944092723510276,1.6177674170059458e-24
50.150150150150154,0.0,1.0,1.9382273830428135e-25,0.9944185124735512,3.734964167123501e-25
50.250250250250254,0.0,1.0,4.303415069950817e-26,0.994427722192008,8.292680839795224e-26
50.350350350350354,0.0,1.0,3.4401207395219107e-25,0.994436901655715,6.629112665058722e-25
50.450450450450454,0.0,1.0,1.008408824072907e-24,0.9944460510125666,1.9432038039884915e-24
50.550550550550554,3.893373627785179e-07,0.9999996106626372,1.9026776192566176e-24,0.9944551704090353,1.9556408118323703e-06
50.650650650650654,8.729935858194292e-07,0.9999991270064141,2.848072579882683e-24,0.994464259990172,4.38504295345491e-06
50.750750750750754,1.253747597439576e-06,0.9999987462524025,3.620648728514844e-24,0.994473319899605,6.297566286357334e-06
50.850850850850854,1.4156338725296386e-06,0.9999985843661274,3.9512619899012144e-24,0.9944823502795408,7.110718875500263e-06
50.950950950950954,1.2256190756045522e-06,0.9999987743809244,3.544301950999718e-24,0.9944913512708528,6.156277071497968e-06
51.051051051051054,7.289638533334779e-07,0.9999992710361467,2.801143468169676e-24,0.994500323017732,3.661582766077833e-06
51.151151151151154,1.1232349863565447e-07,0.9999998876765014,2.0682689817862195e-24,0.9945092656661624,5.642008702700693e-07
51.251251251251254,0.0,1.0,1.4057771536167367e-24,0.994518179359898,2.7089325750194514e-24
51.351351351351354,0.0,1.0,8.589082589016116e-25,0.994527064241184,1.6551162149034056e-24
51.451451451451454,0.0,1.0,4.580441863542247e-25,0.9945359204507566,8.826511471045909e-25
51.551551551551555,0.0,1.0,2.187084381609551e-25,0.9945447481278429,4.214511603361604e-25
51.651651651651655,0.0,1.0,1.415661299811788e-25,0.9945535474101612,2.727979324737315e-25
51.751751751751755,0.0,1.0,2.1242399094726768e-25,0.9945623184339208,4.093410305553848e-25
51.851851851851855,0.0,1.0,4.0223036366459726e-25,0.9945710613338221,7.750979107816788e-25
51.951951951951955,5.7320500700923e-07,0.999999426794993,6.670752042115306e-25,0.9945797762430564,2.879207099824301e-06
52.052052052052055,1.2508241080922188e-06,0.9999987491758919,9.481900821394376e-25,0.9945884632933061,6.282881636184846e-06
52.152152152152155,1.7722969896096367e-06,0.9999982277030104,1.1719481804726765e-24,0.9945971226147445,8.902232001337308e-06
52.252252252252255,1.964884173531185e-06,0.9999980351158265,1.2498642957086113e-24,0.9946057543360365,9.869593811029648e-06
52.352352352352355,1.648080534232465e-06,0.9999983519194657,1.0953225708263373e-24,0.9946143585848426,8.27829488013432e-06
52.452452452452455,1.0423950267757703e-06,0.9999989576049731,8.733879169197409e-25,0.9946229354966166,5.2359447615721345e-06
52.552552552552555,3.8242741794958234e-07,0.999999617572582,6.679779828821767e-25,0.9946314852059246,1.9209321857610543e-06
52.652652652652655,0.0,1.0,4.908060541727328e-25,0.9946400078441554,9.457832663908562e-25
52.752752752752755,0.0,1.0,3.4990851686338654e-25,0.9946485035412407,6.742737119957458e-25
52.852852852852855,0.0,1.0,2.49644857639006e-25,0.994656972425654,4.810656406703645e-25
52.952952952952955,0.0,1.0,1.906976637973482e-25,0.9946654146244113,3.6747439813748993e-25
53.053053053053056,0.0,1.0,1.7007262324906209e-25,0.994673830263071,3.277299450009426e-25
53.153153153153156,0.0,1.0,1.8109852451768586e-25,0.9946822194657337,3.489768567455806e-25
53.253253253253256,4.872885453419458e-07,0.9999995127114546,2.134272567396475e-25,0.994690582355042,2.447649170554193e-06
53.353353353353356,1.0536620118957629e-06,0.9999989463379881,2.5303380966426624e-25,0.9946989190521813,5.2925387091821894e-06
53.453453453453456,1.4730875287917336e-06,0.9999985269124713,2.8221627365374993e-25,0.9947072296768791,7.399307757276272e-06
53.553553553553556,1.5659971173736971e-06,0.9999984340028827,2.7959583968319765e-25,0.9947155143474049,7.865991202415319e-06
53.653653653653656,1.219536582209543e-06,0.9999987804634177,2.3387048824658267e-25,0.9947237731826409,6.125724781889111e-06
53.753753753753756,7.52350033832564e-07,0.9999992476499662,1.8602914886695485e-25,0.9947320063094538,3.7790513767983702e-06
53.853853853853856,2.956304673166271e-07,0.9999997043695327,1.435645638209528e-25,0.9947402138499634,1.4849513983045577e-06
53.953953953953956,0.0,1.0,1.0823564474311915e-25,0.994748395924426,2.085700874199906e-25
54.054054054054056,0.0,1.0,8.108156718511942e-26,0.9947565526519253,1.5624417996572511e-25
54.154154154154156,0.0,1.0,6.242177061574222e-26,0.9947646841503722,1.2028675197653525e-25
54.254254254254256,0.0,1.0,5.185595842089872e-26,0.9947727905365052,9.992643187707183e-26
54.354354354354356,0.0,1.0,4.8264097903623263e-26,0.9947808719258899,9.300491666028202e-26
54.454454454454456,2.4088724259476534e-07,0.9999997591127574,4.980642028407306e-26,0.9947889284329196,1.2099763280913275e-06
54.55455455455456,5.85959753231474e-07,0.9999994140402467,5.392342069952802e-26,0.9947969601708144,2.9432741158469547e-06
54.65465465465466,8.614426906104158e-07,0.9999991385573094,5.733585820439106e-26,0.9948049672516227,4.32702290748168e-06
54.75475475475476,9.492517195873345e-07,0.9999990507482803,5.60447557701882e-26,0.9948129497862194,4.768086861373146e-06
54.85485485485486,7.520020173059124e-07,0.9999992479979827,4.712633345689983e-26,0.9948209078852066,3.777303292361672e-06
54.95495495495496,4.434935076085993e-07,0.9999995565064924,3.725383903591302e-26,0.9948288416638335,2.2276669007577985e-06
55.05505505505506,1.2346989591493367e-07,0.9999998765301041,2.8258616340423405e-26,0.9948367512350327,6.201892105897707e-07
55.15515515515516,0.0,1.0,2.0627885685650332e-26,0.9948446367102545,3.9749935716248186e-26
55.25525525525526,0.0,1.0,1.4684079265800463e-26,0.9948524981999946,2.8296220745197487e-26
55.35535535535536,0.0,1.0,1.0584841154067848e-26,0.9948603358137942,2.039698890388874e-26
55.45545545545546,0.0,1.0,8.323027302633877e-27,0.9948681496602405,1.603847361217548e-26
55.55555555555556,0.0,1.0,7.726705542667311e-27,0.9948759398469664,1.4889361580719907e-26
55.65565565565566,2.2040625478734282e-08,0.9999999779593746,8.45915558432417e-27,0.9948837064806503,1.1071005928658991e-07
55.75575575575576,3.036894853024071e-07,0.9999996963105147,1.0018869016747984e-26,0.9948914496670161,1.5254318214343743e-06
55.85585585585586,5.699103902229328e-07,0.9999994300896098,1.1739549308069495e-26,0.9948991695108341,2.8626582585972193e-06
55.95595595595596,7.456456796270779e-07,0.9999992543543204,1.2790111805406875e-26,0.9949068661159195,3.7453754560408393e-06
56.05605605605606,7.39266903123856e-07,0.9999992607330969,1.2174683734865613e-26,0.9949145395851335,3.713334909230542e-06
56.15615615615616,5.102519528454579e-07,0.9999994897480471,9.859352985700379e-27,0.9949221900217506,2.5629942514128264e-06
56.25625625625626,1.811738757901052e-07,0.9999998188261242,7.457330024411261e-27,0.9949298175314646,9.100362132437079e-07
56.35635635635636,0.0,1.0,5.2155507013186064e-27,0.9949374222184013,1.0050366201440954e-26
56.45645645645646,0.0,1.0,3.298966115637769e-27,0.9949450041857648,6.3571077048339796e-27
56.55655655655656,0.0,1.0,1.8243451037122965e-27,0.994952563535869,3.515513014853595e-27
56.65665665665666,0.0,1.0,8.602742390139337e-28,0.9949601003701377,1.6577484585798502e-27
56.75675675675676,0.0,1.0,4.271578321426199e-28,0.9949676147891043,8.231331425388284e-28
56.85685685685686,0.0,1.0,4.972179308264885e-28,0.9949751068924129,9.581389527026431e-28
56.95695695695696,0.0,1.0,9.944943199218655e-28,0.9949825767788164,1.9163905544894345e-27
57.05705705705706,1.69853048961199e-07,0.999999830146951,1.794844521413281e-27,0.9949900245461787,8.531717200192362e-07
57.15715715715716,5.618156729384661e-07,0.999999438184327,2.7259437944134494e-27,0.9949974502914729,2.821998539764349e-06
57.25725725725726,8.990092155089404e-07,0.9999991009907845,3.567285135163284e-27,0.9950048541107823,4.515719229834902e-06
57.35735735735736,1.0917408806091549e-06,0.9999989082591194,4.05017927703191e-27,0.9950122360993,5.483808456349429e-06
57.45745745745746,1.033213548604957e-06,0.9999989667864514,3.857754690516602e-27,0.9950195963513292,5.189826292442264e-06
57.55755755755756,6.761073993325716e-07,0.9999993238926006,3.0928192086169758e-27,0.9950269349618186,3.3960851707596113e-06
57.65765765765766,1.6240583915515656e-07,0.9999998375941608,2.2953779159605974e-27,0.995034252028491,8.1576439762763e-07
57.75775775775776,0.0,1.0,1.54465484202073e-27,0.9950415476479939,2.9765498805739464e-27
57.85785785785786,0.0,1.0,9.000997246677031e-28,0.995048821915996,1.7344921694346637e-27
57.95795795795796,0.0,1.0,4.045023307360193e-28,0.9950560749271932,7.794759913283091e-28
58.05805805805806,0.0,1.0,8.399245602435315e-29,0.9950633067753097,1.618534627589285e-28
58.15815815815816,0.0,1.0,0.0,0.995070517553097,0.0
58.25825825825826,0.0,1.0,0.0,0.9950777073523341,0.0
58.35835835835836,0.0,1.0,1.8438633965883243e-28,0.9950848762638281,3.5531247652257006e-28
58.45845845845846,1.568509467141651e-07,0.9999998431490533,4.923250790974753e-28,0.9950920243774133,7.878621817380899e-07
58.55855855855856,8.093029865425987e-07,0.9999991906970135,8.561007512121225e-28,0.995099151781952,4.065125611474328e-06
58.65865865865866,1.3988597425813887e-06,0.9999986011402574,1.2018833255864922e-27,0.9951062585653336,7.02646265792343e-06
58.75875875875876,1.7913552441881902e-06,0.9999982086447559,1.4391828007684743e-27,0.9951133448144759,8.997961272960476e-06
58.85885885885886,1.8265310508734405e-06,0.9999981734689491,1.4608492042701361e-27,0.9951204106153239,9.174648710742197e-06
58.95895895895896,1.3889612981563944e-06,0.9999986110387019,1.2196283193869533e-27,0.9951274560541348,6.976742910145097e-06
59.05905905905906,7.238195078184071e-07,0.9999992761804922,9.506053250046499e-28,0.9951344812229492,3.635742756139169e-06
59.15915915915916,1.7267249356813392e-08,0.9999999827327507,7.013572063300016e-28,0.9951414862119753,8.673339199564959e-08
59.25925925925926,0.0,1.0,4.879712907150074e-28,0.9951484711100135,9.403206772078191e-28
59.35935935935936,0.0,1.0,3.215970594576947e-28,0.9951554360047974,6.197175335749776e-28
59.45945945945946,0.0,1.0,2.084461478021189e-28,0.9951623809829941,4.0167572681468313e-28
59.55955955955956,0.0,1.0,1.4979234493836472e-28,0.9951693061302044,2.886498486962288e-28
59.65965965965966,0.0,1.0,1.41971594002544e-28,0.995176211530962,2.7357926164290223e-28
59.75975975975976,0.0,1.0,1.7638199207679839e-28,0.9951830972687347,3.3988809873199048e-28
59.85985985985987,4.855599003871678e-07,0.9999995144400996,2.394837901893029e-28,0.9951899634259231,2.438966195364791e-06
59.95995995995997,1.18609665742868e-06,0.9999988139033426,3.127993933142437e-28,0.9951968100838617,5.957756443804449e-06
60.06006006006007,1.7403628950607457e-06,0.9999982596371049,3.7291336037185117e-28,0.9952036373228181,8.741827607889504e-06
60.16016016016017,1.9568897493375386e-06,0.9999980431102506,3.9147240422837926e-28,0.9952104452219936,9.82943797577343e-06
60.26026026026027,1.6413244858026241e-06,0.9999983586755142,3.411733571393619e-28,0.9952172338600803,8.244359360478286e-06
60.36036036036037,1.0792263154362328e-06,0.9999989207736846,2.735998524814713e-28,0.9952240033233086,5.420947931992189e-06
60.46046046046047,4.982344023131498e-07,0.9999995017655977,2.125343883984503e-28,0.9952307536963122,2.5026301559017807e-06
60.56056056056057,0.0,1.0,1.6073485470462723e-28,0.9952374850611566,3.0973606501581665e-28
60.66066066066067,0.0,1.0,1.1995517543165308e-28,0.995244197498999,2.3115362305679546e-28
60.76076076076077,0.0,1.0,9.094530882850157e-29,0.9952508910900869,1.752516101125225e-28
60.86086086086087,0.0,1.0,7.345124736146914e-29,0.9952575659137595,1.4154055366555102e-28
60.96096096096097,0.0,1.0,6.621501771417463e-29,0.9952642220484467,1.2759633913521449e-28
61.06106106106107,1.6856321810361113e-07,0.999999831436782,6.697468078756005e-29,0.9952708595716695,8.466929017728901e-07
61.16116116116117,6.050960116506631e-07,0.9999993949039884,7.246433169988949e-29,0.9952774785600402,3.0393954274012066e-06
61.26126126126127,9.931047268642953e-07,0.9999990068952731,7.841409978675003e-29,0.9952840790892619,4.988360089123737e-06
61.36136136136137,1.1945833846025365e-06,0.9999988054166155,7.955014860105137e-29,0.9952906612341287,6.0003851729042815e-06
61.46146146146147,1.0509772805902074e-06,0.9999989490227194,6.99997516570899e-29,0.9952972250686775,5.279053332216222e-06
61.56156156156157,7.086718651628493e-07,0.9999992913281348,5.633838870769309e-29,0.9953037706714382,3.5596562560965166e-06
61.66166166166167,3.443290892301886e-07,0.9999996556709108,4.3879645891750446e-29,0.9953102981208933,1.729564419665651e-06
61.76176176176177,2.3487524782413147e-08,0.9999999765124752,3.3213282246779676e-29,0.9953168074933084,1.1797783424764814e-07
61.86186186186187,0.0,1.0,2.4725864551434115e-29,0.9953232988642621,4.7646740990613534e-29
61.96196196196197,0.0,1.0,1.860076732550276e-29,0.9953297723086457,3.584367863624382e-29
62.06206206206207,0.0,1.0,1.4818172829910264e-29,0.9953362279006638,2.8554619043237073e-29
62.16216216216217,0.0,1.0,1.315507106671691e-29,0.9953426657138336,2.534982194556348e-29
62.26226226226227,6.27430099853205e-08,0.99999993725699,1.3185259779118597e-29,0.9953490858209854,3.151581193748635e-07
62.36236236236237,3.368948186503434e-07,0.9999996631051813,1.4279344451446907e-29,0.9953554882942625,1.6922221039887686e-06
62.46246246246247,5.921558889363385e-07,0.999999407844111,1.560473830916908e-29,0.9953618732051209,2.974397268849064e-06
62.56256256256257,7.451613774634271e-07,0.9999992548386225,1.6125662318887932e-29,0.9953682406243299,3.742942809909288e-06
62.66266266266267,6.941381416743875e-07,0.9999993058618584,1.460683695304882e-29,0.995374590621975,3.486653465376923e-06
62.76276276276277,4.560447444778218e-07,0.9999995439552556,1.1707778608731675e-29,0.9953809232696508,2.290711706775451e-06
62.86286286286287,1.595070299429627e-07,0.9999998404929701,8.883323001968677e-30,0.9953872386402123,8.012036836075676e-07
62.96296296296297,0.0,1.0,6.343176374128686e-30,0.9953935368050807,1.2223300872945978e-29
63.06306306306307,0.0,1.0,4.2432053916729804e-30,0.9953998178350841,8.176656789753832e-30
63.16316316316317,0.0,1.0,2.6854371461552457e-30,0.9954060818004581,5.174837380641158e-30
63.26326326326327,0.0,1.0,1.7180591542215807e-30,0.9954123287708447,3.310699990184986e-30
63.36336336336337,0.0,1.0,1.3354193576105075e-30,0.9954185588152936,2.5733531021154476e-30
63.46346346346347,0.0,1.0,1.4780261231529452e-30,0.995424772002261,2.8481563393157254e-30
63.56356356356357,1.0739987686090607e-08,0.9999999892600123,2.0325482427722423e-30,0.9954309683996103,5.394695755566976e-08
63.66366366366367,3.1873332240121444e-07,0.9999996812666776,2.8318149334841554e-30,0.995437148074612,1.6009969681590012e-06
63.76376376376377,6.087527068254297e-07,0.9999993912472932,3.6548158373968494e-30,0.9954433110939437,3.057762984932398e-06
63.86386386386387,8.094445050945482e-07,0.9999991905554949,4.2267010217108935e-30,0.9954494575236896,4.0658364580238796e-06
63.96396396396397,8.342850126816039e-07,0.9999991657149874,4.218780978719314e-30,0.9954555874293416,4.190610122519163e-06
64.06406406406407,6.093331352406619e-07,0.9999993906668648,3.48340414809094e-30,0.9954617008762625,3.0606784733254173e-06
64.16416416416416,2.2221526048643614e-07,0.9999997777847396,2.6304442375169824e-30,0.9954677979319264,1.1161870053791825e-06
64.26426426426427,0.0,1.0,1.8024417383132517e-30,0.9954738786635913,3.4733052297296354e-30
64.36436436436436,0.0,1.0,1.0701547205749552e-30,0.9954799431378267,2.0621881465479384e-30
64.46446446446447,0.0,1.0,4.862569220029806e-31,0.9954859914205719,9.370170886997436e-31
64.56456456456456,0.0,1.0,8.533774790470355e-32,0.9954920235771355,1.6444584021236371e-31
64.66466466466467,0.0,1.0,0.0,0.9954980396721956,0.0
64.76476476476476,0.0,1.0,0.0,0.9955040397698,0.0
64.86486486486487,0.0,1.0,5.508103961539704e-32,0.9955100239333656,1.0614116333887009e-31
64.96496496496496,0.0,1.0,3.702837686060168e-31,0.9955159922256792,7.135368221037943e-31
65.06506506506507,4.703983152382101e-07,0.9999995296016848,7.70147162698117e-31,0.9955219447088969,2.3628096259583917e-06
65.16516516516516,9.839111489096107e-07,0.9999990160888511,1.1807546328354988e-30,0.9955278814445443,4.942180838268315e-06
65.26526526526527,1.3807739071356988e-06,0.9999986192260929,1.5101052575683113e-30,0.9955338024935165,6.935617759017093e-06
65.36536536536536,1.5404619825986887e-06,0.9999984595380175,1.648113783052604e-30,0.995539707916078,7.737728618865001e-06
65.46546546546547,1.3288231381522592e-06,0.9999986711768619,1.47595740570649e-30,0.9955455977719686,6.674669753461969e-06
65.56556556556556,8.80797131848183e-07,0.9999991192028682,1.1847815729531155e-30,0.9955514721245357,4.424240096411743e-06
65.66566566566567,3.891220316865636e-07,0.9999996108779683,9.156650605730363e-31,0.9955573310375129,1.9545592046242316e-06
65.76576576576576,0.0,1.0,6.8311821478568185e-31,0.995563174572848,1.3163687998920088e-30
65.86586586586587,0.0,1.0,4.970383525734679e-31,0.9955690027918358,9.577929054090726e-31
65.96596596596596,0.0,1.0,3.6270976168205407e-31,0.9955748157551174,6.989417107613181e-31
66.06606606606607,0.0,1.0,2.808037006201367e-31,0.9955806135226811,5.411087310950034e-31
66.16616616616616,0.0,1.0,2.473783986596016e-31,0.9955863961538621,4.766981742170522e-31
66.26626626626627,0.0,1.0,2.5387905583542525e-31,0.9955921637073423,4.892249405948644e-31
66.36636636636636,3.736949598506311e-07,0.9999996263050401,2.8713784294572322e-31,0.9955979162411505,1.877069081850209e-06
66.46646646646647,7.692013016773491e-07,0.9999992307986983,3.2937390155174533e-31,0.9956036538126624,3.8636951663599115e-06
66.56656656656656,1.0522377820030725e-06,0.999998947762218,3.5819334397784867e-31,0.9956093764786004,5.285384817527478e-06
66.66666666666667,1.0891862102489852e-06,0.9999989108137898,3.4658925331153514e-31,0.9956150842950339,5.470976375149237e-06
66.76676676676676,8.183546231890032e-07,0.9999991816453769,2.8608609633086593e-31,0.9956207773187489,4.110591908353301e-06
66.86686686686687,4.6308746208724323e-07,0.999999536912538,2.252470735523508e-31,0.9956264556101813,2.3260872448286726e-06
66.96696696696696,1.1281810951018652e-07,0.9999998871818906,1.708798995753879e-31,0.9956321192275248,5.666853000861736e-07
67.06706706706707,0.0,1.0,1.256088498350771e-31,0.995637768228274,2.4204825363219357e-31
67.16716716716716,0.0,1.0,9.106325107126351e-32,0.9956434026693932,1.7547888481432478e-31
67.26726726726727,0.0,1.0,6.787748132848651e-32,0.9956490226073171,1.307999065199935e-31
67.36736736736736,0.0,1.0,5.569096995601949e-32,0.9956546280979504,1.0731649910524955e-31
67.46746746746747,0.0,1.0,5.314819760784246e-32,0.9956602191966678,1.0241657679031241e-31
67.56756756756756,1.2627506488174894e-07,0.9999998737249352,5.789869624265714e-32,0.9956657959583143,6.342795708132556e-07
67.66766766766767,4.272141602524149e-07,0.9999995727858397,6.659704912388262e-32,0.9956713584372048,2.145895810206173e-06
67.76776776776777,6.870231421502993e-07,0.9999993129768578,7.490289081965174e-32,0.9956769066871246,3.450914872188081e-06
67.86786786786787,8.166140722615682e-07,0.9999991833859277,7.748090720281891e-32,0.9956824407613288,4.10184913530176e-06
67.96796796796797,7.129576128925506e-07,0.999999287042387,6.841962708488091e-32,0.9956879607126078,3.5811835363827294e-06
68.06806806806807,4.333310238584644e-07,0.9999995666689762,5.423835077254341e-32,0.9956934665956886,2.1766207896489437e-06
68.16816816816817,9.8769033649262e-08,0.9999999012309664,4.0521943449290493e-32,0.9956989584657825,4.96116807029809e-07
68.26826826826827,0.0,1.0,2.8296235746604026e-32,0.9957044363771228,5.452684628370595e-32
68.36836836836838,0.0,1.0,1.8317965299468902e-32,0.9957099003834645,3.529871913207657e-32
68.46846846846847,0.0,1.0,1.1074776746365809e-32,0.9957153505380851,2.1341094790246912e-32
68.56856856856858,0.0,1.0,6.785221729269498e-33,0.9957207868937835,1.3075122272302322e-32
68.66866866866867,0.0,1.0,5.3987588936550626e-33,0.9957262095028808,1.0403408388073305e-32
68.76876876876878,0.0,1.0,6.595753888492969e-33,0.9957316184172202,1.271001774312595e-32
68.86886886886887,3.408002886426424e-08,0.9999999659199711,9.78747936625095e-33,0.9957370136881666,1.7118397915222776e-07
68.96896896896898,3.8929772955728436e-07,0.9999996107022704,1.4116114982894794e-32,0.9957423953666069,1.9554417343306215e-06
69.06906906906907,7.189337415347072e-07,0.9999992810662585,1.8454747397885485e-32,0.9957477635029502,3.6112015874900994e-06
69.16916916916918,9.41928917531148e-07,0.9999990580710825,2.1407370274183277e-32,0.9957531181471272,4.7313044961889215e-06
69.26926926926927,9.603599761066773e-07,0.9999990396400239,2.1308884278243602e-32,0.9957584593485909,4.823883527339128e-06
69.36936936936938,6.984054688876199e-07,0.9999993015945311,1.7552496684217842e-32,0.9957637871568626,3.5080882201865526e-06
69.46946946946947,2.702763082986239e-07,0.9999997297236917,1.3320439254935417e-32,0.9957691016237105,1.357597529693565e-06
69.56956956956958,0.0,1.0,9.267466939567859e-33,0.9957744028005611,1.7858408792547262e-32
69.66966966966967,0.0,1.0,5.72085217120178e-33,0.9957796907382573,1.1024082133905828e-32
69.76976976976978,0.0,1.0,2.920479202081718e-33,0.9957849654871193,5.6277634224114705e-33
69.86986986986987,0.0,1.0,1.0188441036140266e-33,0.9957902270969438,1.963312587664229e-33
69.96996996996998,0.0,1.0,8.105476636378666e-35,0.9957954756170047,1.5619253478301689e-34
70.07007007007007,0.0,1.0,8.483090005692358e-35,0.9958007110960526,1.6346914440969173e-34
70.17017017017018,0.0,1.0,9.205040335791362e-34,0.9958059335823154,1.7738112727069954e-33
70.27027027027027,4.428756900117553e-08,0.9999999557124309,2.391017514975938e-33,0.9958111431234975,2.224564492656107e-07
70.37037037037038,6.030714843829466e-07,0.9999993969285156,4.211926511453519e-33,0.9958163397667805,3.0292262392135884e-06
70.47047047047047,1.1242962516110723e-06,0.9999988757037483,6.011398009377194e-33,0.995821523558823,5.647333722538717e-06
70.57057057057058,1.4946785847798887e-06,0.9999985053214152,7.330210814273372e-33,0.9958266945457603,7.507759309660174e-06
70.67067067067067,1.578069728550727e-06,0.9999984219302714,7.62175555082756e-33,0.9958318527732049,7.926631737726037e-06
70.77077077077078,1.2471926570380386e-06,0.999998752807343,6.486430601149336e-33,0.9958369982866652,6.264640903095393e-06
70.87087087087087,6.628594069627879e-07,0.999999337140593,5.06158648998655e-33,0.9958421311350978,3.3295405941906533e-06
70.97097097097098,7.873706631008285e-09,0.9999999921262933,3.709243292360436e-33,0.9958472513673243,3.954962812291942e-08
71.07107107107107,0.0,1.0,2.527292454536582e-33,0.9958523590312662,4.870092559891993e-33
71.17117117117118,0.0,1.0,1.5863532442259366e-33,0.9958574541742335,3.0569027016233793e-33
71.27127127127127,0.0,1.0,9.297727505861093e-34,0.995862536842924,1.7916720903794325e-33
71.37137137137138,0.0,1.0,5.7362588422032504e-34,0.9958676070834235,1.1053770788925663e-33
71.47147147147147,0.0,1.0,5.067153771781567e-34,0.995872664941206,9.764405318223078e-34
71.57157157157158,0.0,1.0,6.905717829551249e-34,0.9958777104611334,1.3307318257545256e-33
71.67167167167167,2.1483717909707836e-07,0.9999997851628208,1.0594534764927922e-33,0.9958827436874558,1.0791269187848256e-06
71.77177177177178,9.143669444959614e-07,0.9999990856330555,1.5203466541789127e-33,0.9958877646638111,4.592860962632321e-06
71.87187187187187,1.5323029929101957e-06,0.9999984676970071,1.9529653338471164e-33,0.9958927734332258,7.696746139648597e-06
71.97197197197198,1.9038046168122768e-06,0.9999980961953832,2.2097513547773014e-33,0.9958977700381137,9.56279238454112e-06
72.07207207207207,1.831306106429526e-06,0.9999981686938936,2.1158743776952827e-33,0.9959027545202772,9.198633727044714e-06
72.17217217217218,1.3151374255086082e-06,0.9999986848625745,1.722811286787685e-33,0.9959077269237347,6.605926600621961e-06
72.27227227227228,6.981440599683876e-07,0.99999930185594,1.3485935597544294e-33,0.9959126872963926,3.506775165021417e-06
72.37237237237238,1.1047680320995963e-07,0.9999998895231967,1.0183304513039257e-33,0.995917635683288,5.549249212159583e-07
72.47247247247248,0.0,1.0,7.471191711227646e-34,0.9959225721288478,1.4396986427535673e-33
72.57257257257258,0.0,1.0,5.438804949119652e-34,0.9959274966769271,1.0480577136953569e-33
72.67267267267268,0.0,1.0,4.113587643872774e-34,0.9959324093708085,7.926883389742834e-34
72.77277277277278,0.0,1.0,3.461218872789492e-34,0.9959373102532024,6.6697687678653505e-34
72.87287287287288,0.0,1.0,3.385613373318853e-34,0.9959421993662473,6.524076970385429e-34
72.97297297297298,3.1590561897504574e-07,0.999999684094381,3.7289215430556093e-34,0.9959470767515092,1.5867934228519668e-06
73.07307307307308,8.243466200547954e-07,0.9999991756533799,4.271529439740459e-34,0.9959519424499819,4.14068965916609e-06
73.17317317317318,1.235511563401947e-06,0.9999987644884365,4.732058781260245e-34,0.9959567965020873,6.2059669154340086e-06
73.27327327327328,1.3906537768628847e-06,0.9999986093462231,4.76736694564756e-34,0.9959616389476751,6.985244207109772e-06
73.37337337337338,1.1418002674992103e-06,0.9999988581997324,4.078422546893239e-34,0.9959664698265271,5.735256195160922e-06
73.47347347347348,7.339653608223681e-07,0.9999992660346391,3.2605532190207733e-34,0.9959712891828532,3.686705301506006e-06
73.57357357357358,3.1911844733121544e-07,0.9999996808815526,2.5248881197501964e-34,0.9959760970594993,1.6029314494738501e-06
73.67367367367368,0.0,1.0,1.9042528095886057e-34,0.995980893498164,3.669495164077243e-34
73.77377377377378,0.0,1.0,1.4191972551512765e-34,0.9959856785401144,2.7347931106765095e-34
73.87387387387388,0.0,1.0,1.0779958291623495e-34,0.995990452226187,2.0772979627958474e-34
73.97397397397398,0.0,1.0,8.766473104542898e-35,0.9959952145967867,1.6892993672454162e-34
74.07407407407408,0.0,1.0,7.988748839682735e-35,0.9959999656918881,1.539431901406863e-34
74.17417417417418,1.4283150880336192e-07,0.9999998571684912,8.161261407539512e-35,0.9960047055510339,7.174425663009489e-07
74.27427427427428,4.5861013525834554e-07,0.9999995413898647,8.875730779695507e-35,0.9960094342133365,2.30359765297371e-06
74.37437437437438,7.328287770189778e-07,0.999999267171223,9.601120988818754e-35,0.9960141517174769,3.680996249434502e-06
74.47447447447448,8.646731321830666e-07,0.9999991353268678,9.683640128662587e-35,0.9960188581017048,4.343249387495625e-06
74.57457457457458,7.418772935661479e-07,0.9999992581227065,8.42996702285845e-35,0.9960235534039562,3.726446880985358e-06
74.67467467467468,4.621542637891888e-07,0.9999995378457363,6.706856169181121e-35,0.9960282376644075,2.3213997941502757e-06
74.77477477477478,1.4739412148128128e-07,0.9999998526058785,5.088318141908501e-35,0.9960329109232609,7.403605630821228e-07
74.87487487487488,0.0,1.0,3.6768746895591596e-35,0.9960375732198441,7.0853375267805e-35
74.97497497497498,0.0,1.0,2.545025702236366e-35,0.9960422245931341,4.904264528209477e-35
75.07507507507508,0.0,1.0,1.7352492116296448e-35,0.9960468650817554,3.3438252308103254e-35
75.17517517517518,0.0,1.0,1.2600013910135223e-35,0.9960514947239814,2.4280226804830575e-35
75.27527527527528,0.0,1.0,1.1017165552484318e-35,0.9960561135577333,2.123007801963728e-35
75.37537537537538,0.0,1.0,1.2128071607801553e-35,0.9960607216205809,2.3370793988233592e-35
75.47547547547548,1.6714125702869367e-07,0.999999832858743,1.5156638056400638e-35,0.9960653189497424,8.395503937505397e-07
75.57557557557558,4.633290150242632e-07,0.9999995366709851,1.90265522944516e-35,0.9960699055820839,2.327300564128016e-06
75.67567567567568,7.063188432087626e-07,0.9999992936811568,2.236128313397816e-35,0.99607448155412,3.5478370435519444e-06
75.77577577577578,8.137688671896385e-07,0.9999991862311328,2.34840808028613e-35,0.9960790469020139,4.08755769355846e-06
75.87587587587588,6.922752561168901e-07,0.999999307724744,2.0626885796134736e-35,0.9960836016616365,3.4772962041834563e-06
75.97597597597598,3.824420153905361e-07,0.9999996175579846,1.61507803372703e-35,0.9960881458702259,1.9210055086295792e-06
76.07607607607608,0.0,1.0,1.1712387347279274e-35,0.9960926795655888,2.2569770418207159e-35
76.17617617617618,0.0,1.0,7.692121609779767e-36,0.99609720278498,1.482271834204561e-35
76.27627627627628,0.0,1.0,4.3779085064347704e-36,0.996101715565293,8.436229691899802e-36
76.37637637637638,0.0,1.0,1.965184016947784e-36,0.9961062179430601,3.786909600658379e-36
76.47647647647648,0.0,1.0,5.568947190664693e-37,0.9961107099544522,1.0731361236410864e-36
76.57657657657658,0.0,1.0,1.6349778857995226e-37,0.9961151916352788,3.1506023859356796e-37
76.67667667667668,0.0,1.0,7.02960999320442e-37,0.9961196630209884,1.3546058456904917e-36
76.77677677677679,0.0,1.0,2.000762723162689e-36,0.996124124146668,3.8554697675345016e-36
76.87687687687688,3.2413014730237783e-07,0.9999996758698527,3.789891930023555e-36,0.9961285750470434,1.6281052021820595e-06
76.97697697697699,7.657349502179555e-07,0.9999992342650498,5.710848187863207e-36,0.9961330157564791,3.84628370971206e-06
77.07707707707708,1.1197007876077826e-06,0.9999988802992125,7.311641662683431e-36,0.9961374463089783,5.624250758632138e-06
77.17717717717719,1.2814483571577276e-06,0.9999987185516429,8.047793118529479e-36,0.9961418667381828,6.436706849645582e-06
77.27727727727728,1.1289587232059222e-06,0.9999988710412768,7.301596786955862e-36,0.9961462770773891,5.670753264588362e-06
77.37737737737739,6.734322140017391e-07,0.999999326567786,5.7721414825013896e-36,0.9961506773612387,3.38264773291722e-06
77.47747747747748,8.525597160204149e-08,0.9999999147440284,4.236457772090245e-36,0.9961550676258225,4.282407088786267e-07
77.57757757757759,0.0,1.0,2.829233574370359e-36,0.996159447906618,5.451933097811682e-36
77.67767767767768,0.0,1.0,1.653403498440923e-36,0.9961638182386533,3.186108541495658e-36
77.77777777777779,0.0,1.0,7.801488438508606e-37,0.9961681786565069,1.5033468221006084e-36
77.87787787787788,0.0,1.0,2.488976006001174e-37,0.9961725291943081,4.796256763564261e-37
77.97797797797799,0.0,1.0,6.732444913869745e-38,0.9961768698857364,1.2973421349026998e-37
78.07807807807808,0.0,1.0,2.1135076036725e-37,0.996181200764022,4.0727291522769075e-37
78.17817817817819,0.0,1.0,6.251445956368692e-37,0.9961855218619455,1.204653635792247e-36
78.27827827827828,4.1342330423984794e-07,0.9999995865766957,1.2211207067489406e-36,0.9961898332118383,2.076624398671539e-06
78.37837837837839,1.106051056966652e-06,0.999998893948943,1.8799405359555667e-36,0.996194134845582,5.555688314263656e-06
78.47847847847848,1.6809688612761523e-06,0.9999983190311388,2.4505122159589815e-36,0.9961984267946088,8.44349239688731e-06
78.57857857857859,1.9791758581540693e-06,0.9999980208241419,2.7499905699121903e-36,0.9962027090899015,9.941380659724547e-06
78.67867867867868,1.8125450915083807e-06,0.9999981874549085,2.563879533066267e-36,0.996206981761994,9.104397492461593e-06
78.77877877877879,1.234136449726779e-06,0.9999987658635503,2.0663670028124093e-36,0.9962112448438232,6.199059736478491e-06
78.87887887887888,5.39799231250128e-07,0.9999994602007688,1.5915419275880182e-36,0.9962154983706305,2.7114100749238642e-06
78.97897897897899,0.0,1.0,1.1702291207436248e-36,0.9962197423759028,2.2550315156729648e-36
79.07907907907908,0.0,1.0,8.247520196472727e-37,0.9962239768926319,1.5892971418602944e-36
79.17917917917919,0.0,1.0,5.689326856840477e-37,0.9962282019533141,1.0963332853131598e-36
79.27927927927928,0.0,1.0,4.080918042564674e-37,0.996232417589951,7.863929068022126e-37
79.37937937937939,0.0,1.0,3.3904868478418835e-37,0.9962366238340492,6.533468155791309e-37
79.47947947947948,0.0,1.0,3.501212607041954e-37,0.99624082071662,6.746836693769845e-37
79.57957957957959,2.3537806211614404e-07,0.999999764621938,4.211260894707111e-37,0.9962450082681799,1.1823037277317858e-06
79.67967967967968,8.852509740888841e-07,0.999999114749026,5.233783525552025e-37,0.9962491865187498,4.446611706456301e-06
79.77977977977979,1.4510801871601997e-06,0.9999985489198129,6.1969185544643726e-37,0.9962533554978562,7.288765203477468e-06
79.87987987987988,1.757733529459565e-06,0.9999982422664706,6.643790276503918e-37,0.9962575152345301,8.829079999219959e-06
79.97997997997999,1.5967195331188158e-06,0.999998403280467,6.039955564601657e-37,0.9962616657573317,8.020309408626695e-06
80.08008008008008,1.1129703041888744e-06,0.9999988870296959,4.886184593060241e-37,0.9962658070982621,5.590443615937918e-06
80.18018018018019,5.913286376847291e-07,0.9999994086713624,3.832260966738953e-37,0.9962699392905412,2.9702419906340537e-06
80.28028028028028,1.260913949186886e-07,0.9999998739086051,2.9262850147089557e-37,0.9962740623653156,6.333569968142435e-07
80.38038038038039,0.0,1.0,2.199840422508143e-37,0.9962781763533455,4.239092494173191e-37
80.48048048048048,0.0,1.0,1.6679942321421465e-37,0.996282281285005,3.214224885337916e-37
80.58058058058059,0.0,1.0,1.329296842083522e-37,0.9962863771902816,2.5615550146949464e-37
80.68068068068068,0.0,1.0,1.1657820072723598e-37,0.9962904640987768,2.246461928013837e-37
80.78078078078079,9.478488505544555e-08,0.9999999052151151,1.1429668391158777e-37,0.9962945420397056,4.7610443249937025e-07
80.88088088088088,4.6694683384964105e-07,0.9999995330531662,1.2098518054886354e-37,0.9962986110418967,2.3454728512001587e-06
80.98098098098099,8.14960516355368e-07,0.9999991850394837,1.2989207307324796e-37,0.9963026711337923,4.093543337564395e-06
81.08108108108108,1.0215140169670682e-06,0.9999989784859831,1.3261407956565e-37,0.9963067223434487,5.131059665804724e-06
81.18118118118119,9.437713559513842e-07,0.999999056228644,1.1917456578189425e-37,0.9963107646985448,4.740559046941439e-06
81.28128128128128,6.484152349068381e-07,0.9999993515847652,9.618674198646488e-38,0.9963147982287025,3.2569876130468504e-06
81.38138138138139,3.160643044207106e-07,0.9999996839356956,7.481829445409194e-38,0.9963188229644967,1.5875904993250207e-06
81.48148148148148,1.1217259580156715e-08,0.9999999887827404,5.62229336030016e-38,0.9963228389352214,5.634429419623714e-08
81.58158158158159,0.0,1.0,4.11969181831463e-38,0.9963268461698883,7.938646133892291e-38
81.68168168168168,0.0,1.0,3.0179055276225394e-38,0.9963308446972269,5.815503951728633e-38
81.78178178178179,0.0,1.0,2.3250700295668315e-38,0.9963348345456845,4.480409946975284e-38
81.88188188188188,0.0,1.0,2.0135756986647137e-38,0.9963388157434265,3.880160371326903e-38
81.98198198198199,0.0,1.0,2.020067742606835e-38,0.9963427883183361,3.892670540003371e-38
82.08208208208208,2.2845047173617372e-07,0.9999997715495282,2.2454462022576935e-38,0.9963467522980144,1.1475064573841195e-06
82.18218218218219,4.932987273639473e-07,0.9999995067012727,2.5548659516555866e-38,0.99635070770978,2.4778382851916155e-06
82.28228228228228,6.892995601245043e-07,0.9999993107004399,2.777736698012423e-38,0.9963546545806699,3.4623493039427867e-06
82.38238238238239,7.278664478026439e-07,0.9999992721335522,2.7077229817139717e-38,0.9963585929374386,3.65607050612988e-06
82.48248248248248,5.435715886976884e-07,0.9999994564284114,2.2400407600119628e-38,0.9963625228069548,2.730358605877923e-06
82.58258258258259,2.497599430166117e-07,0.999999750240057,1.7243683175584863e-38,0.9963664442176844,1.2545438804271866e-06
82.68268268268268,0.0,1.0,1.2388696645419425e-38,0.9963703571976384,2.387301843572323e-38
82.78278278278279,0.0,1.0,8.189049735586248e-39,0.9963742617744968,1.5780298840474699e-38
82.88288288288288,0.0,1.0,4.897487558978154e-39,0.9963781579756803,9.437458526150901e-39
82.98298298298299,0.0,1.0,2.665898615413218e-39,0.996382045828351,5.137186631901271e-39
83.08308308308308,0.0,1.0,1.5453147916384286e-39,0.9963859253594125,2.9778216034872516e-39
83.18318318318319,0.0,1.0,1.4859113613271526e-39,0.9963897965955095,2.863351193277423e-39
83.28328328328328,0.0,1.0,2.33700698508052e-39,0.9963936595630282,4.503412460250162e-39
83.38338338338339,1.3014980987637277e-07,0.9999998698501902,3.8470637104271654e-39,0.9963975142880959,6.537424098780537e-07
83.48348348348348,4.797898375092232e-07,0.9999995202101626,5.663686971822454e-39,0.9964013607965815,2.4099831974915003e-06
83.58358358358359,7.842356418255978e-07,0.9999992157643582,7.333625590650029e-39,0.9964051991140949,3.9392125396276796e-06
83.68368368368368,9.6204312191633e-07,0.9999990379568782,8.302771775219962e-39,0.9964090292659874,4.832337952471832e-06
83.78378378378379,9.159209959163281e-07,0.9999990840790042,7.916161120770291e-39,0.9964128512773519,4.600666948632644e-06
83.88388388388388,5.965263782139907e-07,0.9999994034736218,6.343218504210168e-39,0.9964166651736536,2.9963502103522423e-06
83.98398398398399,1.2739577148374766e-07,0.9999998726042286,4.684555159466145e-39,0.9964204709818281,6.399088786366704e-07
84.08408408408408,0.0,1.0,3.111859068573964e-39,0.9964242687285745,5.996552425142028e-39
84.18418418418419,0.0,1.0,1.7538834909598796e-39,0.9964280584402727,3.379733487079688e-39
84.28428428428428,0.0,1.0,7.042458785933141e-40,0.9964318401429859,1.3570818080493162e-39
84.38438438438439,0.0,1.0,2.142787598537862e-41,0.996435613862461,4.1291517023824597e-41
84.48448448448448,0.0,1.0,0.0,0.9964393796241283,0.0
84.58458458458459,0.0,1.0,0.0,0.9964431374531019,0.0
84.68468468468468,0.0,1.0,2.316708599635773e-40,0.9964468873741789,4.4642974714981345e-40
84.78478478478479,7.80939322041621e-08,0.9999999219060679,8.982315923518742e-40,0.9964506294118405,3.9226579078748916e-07
84.88488488488488,6.910333173822753e-07,0.9999993089666827,1.6969830451911705e-39,0.996454363590251,3.4710579545592538e-06
84.98498498498499,1.2585893778438744e-06,0.9999987414106222,2.475592018247217e-39,0.9964580899332586,6.321886488254874e-06
85.08508508508508,1.6605762208625813e-06,0.9999983394237791,3.0465895038277e-39,0.9964618084643946,8.3410605064226e-06
85.18518518518519,1.7530634369951423e-06,0.999998246936563,3.187370686783011e-39,0.9964655192068743,8.805622207196554e-06
85.28528528528528,1.4131729795940746e-06,0.9999985868270205,2.7313557986047336e-39,0.9964692221840044,7.0983578452739406e-06
85.38538538538539,8.971738576795781e-07,0.9999991028261423,2.179933830592258e-39,0.9964729174224116,4.506500243980314e-06
85.4854854854855,3.722020422509329e-07,0.9999996277979578,1.6835297461400944e-39,0.9964766049477588,1.8695701623737493e-06
85.58558558558559,0.0,1.0,1.2648277808519532e-39,0.9964802847849141,2.4373231337017138e-39
85.6856856856857,0.0,1.0,9.381083979697607e-40,0.9964839569584122,1.8077348828877287e-39
85.78578578578579,0.0,1.0,7.092482883740492e-40,0.9964876214924537,1.3667214516967928e-39
85.8858858858859,0.0,1.0,5.757203705835833e-40,0.996491278410906,1.109413154114565e-39
85.98598598598599,0.0,1.0,5.2659379075562745e-40,0.9964949277373024,1.0147462347860941e-39
86.0860860860861,1.6872894728344522e-07,0.9999998312710529,5.425339226857841e-40,0.9964985694948427,8.475253591564429e-07
86.18618618618619,5.77262487610227e-07,0.9999994227375125,5.958023678080615e-40,0.9965022037063928,2.8995878014046186e-06
86.2862862862863,9.35154268612095e-07,0.9999990648457314,6.502569551948766e-40,0.996505830394485,4.697275498519811e-06
86.38638638638639,1.1148218062741564e-06,0.9999988851781938,6.613517415570152e-40,0.9965094495813182,5.599743690164625e-06
86.4864864864865,9.72104163146534e-07,0.999999027895837,5.804106699090449e-40,0.9965130612888506,4.882874464780176e-06
86.58658658658659,6.501766507313887e-07,0.9999993498233494,4.665685943583375e-40,0.996516665541471,3.265835193230454e-06
86.6866866866867,3.080591314871086e-07,0.9999996919408687,3.6273562549956207e-40,0.9965202623635743,1.54738054070474e-06
86.78678678678679,7.35026447435256e-09,0.9999999926497356,2.738885438558046e-40,0.9965238517786024,3.692037816655148e-08
86.8868868868869,0.0,1.0,2.0329370053293507e-40,0.996527433809757,3.9174696092696584e-40
86.98698698698699,0.0,1.0,1.5250701721970672e-40,0.9965310084799996,2.9388102218237484e-40
87.0870870870871,0.0,1.0,1.2137398618767668e-40,0.9965345758120523,2.3388767138365295e-40
87.18718718718719,0.0,1.0,1.0802967029126334e-40,0.9965381358283965,2.0817317465126443e-40
87.2872872872873,5.5522041323220734e-08,0.9999999444779588,1.0889870296771064e-40,0.9965416885512736,2.788871980714195e-07
87.38738738738739,3.165435370277775e-07,0.9999996834564631,1.1869528823710464e-40,0.9965452340026852,1.5899976831648387e-06
87.4874874874875,5.600176029161029e-07,0.9999994399823972,1.3042320070237236e-40,0.9965487722043929,2.812966844121419e-06
87.58758758758759,7.075009850567792e-07,0.9999992924990151,1.353757855492732e-40,0.9965523031779179,3.553774933605721e-06
87.6876876876877,6.631121840492246e-07,0.9999993368878161,1.2314744765710886e-40,0.9965558269445423,3.330810291721463e-06
87.78778778778779,4.3359233692831313e-07,0.9999995664076632,9.863470978656736e-41,0.996559343526354,2.1779333640323366e-06
87.8878878878879,1.4073872420760995e-07,0.9999998592612759,7.448680814873617e-41,0.9965628529463072,7.069305121572808e-07
87.98798798798799,0.0,1.0,5.259495454942735e-41,0.9965663552267657,1.0135047741674651e-40
88.0880880880881,0.0,1.0,3.438068337037511e-41,0.9965698503898842,6.625157685471283e-41
88.18818818818819,0.0,1.0,2.0795851569259753e-41,0.9965733384576076,4.007360597396354e-41
88.2882882882883,0.0,1.0,1.232263867968773e-41,0.9965768194516721,2.3745724735758253e-41
88.38838838838839,0.0,1.0,8.973546811206502e-42,0.996580293393604,1.729202470519493e-41
88.4884884884885,0.0,1.0,1.0291400649295126e-41,0.9965837603047207,1.9831529051191706e-41
88.58858858858859,0.0,1.0,1.5349347455368338e-41,0.9965872202061301,2.9578192546494786e-41
88.6886886886887,2.782457398570256e-07,0.9999997217542602,2.2750857066777482e-41,0.9965906731187307,1.3976279624037823e-06
88.78878878878879,5.836982401566287e-07,0.9999994163017599,3.0629721896805347e-41,0.996594119063212,2.931914548908091e-06
88.8888888888889,8.112983973009112e-07,0.9999991887016028,3.665005693467386e-41,0.9965975580600539,4.075148543475199e-06
88.988988988989,8.773514467063642e-07,0.9999991226485533,3.8006299745536343e-41,0.996600990129527,4.406932450405943e-06
89.0890890890891,6.934969408569491e-07,0.9999993065030591,3.2391400597704033e-41,0.9966044152917868,3.4834327182159814e-06
89.1891891891892,3.0908655601201175e-07,0.999999690913444,2.480387667976296e-41,0.996607833568084,1.5525412910152175e-06
89.2892892892893,0.0,1.0,1.7250327142110775e-41,0.996611244980107,3.324138040284746e-41
89.3893893893894,0.0,1.0,1.0415581208337164e-41,0.996614649549255,2.0070824988465712e-41
89.4894894894895,0.0,1.0,4.820549563811018e-42,0.9966180472966724,9.289199009463831e-42
89.5895895895896,0.0,1.0,8.222243556878464e-43,0.9966214382432478,1.5844263334104797e-42
89.6896896896897,0.0,1.0,0.0,0.9966248224096147,0.0
89.7897897897898,0.0,1.0,0.0,0.9966281998161515,0.0
89.8898898898899,0.0,1.0,0.0,0.9966315704829808,0.0
89.98998998999,0.0,1.0,2.1986819927060194e-42,0.9966349344299706,4.2368601999444993e-42
90.0900900900901,3.46044079886476e-07,0.99999965395592,5.801622336313931e-42,0.996638291676733,1.7381788117936428e-06
90.1901901901902,9.157105240234663e-07,0.9999990842894759,9.700932696693591e-42,0.9966416422426252,4.599609750246482e-06
90.2902902902903,1.39324744251565e-06,0.9999986067525575,1.3106175453482117e-41,0.9966449861467487,6.998272153418889e-06
90.3903903903904,1.6570480005711603e-06,0.9999983429519994,1.506299444809777e-41,0.9966483234079502,8.323338314678482e-06
90.4904904904905,1.5636280732705421e-06,0.9999984363719266,1.4453114983743488e-41,0.9966516540448207,7.854091531115938e-06
90.5905905905906,1.1259473609466084e-06,0.999998874052639,1.1771984489986456e-41,0.9966549780771506,5.655627226073635e-06
90.6906906906907,6.130880854167882e-07,0.9999993869119145,9.240355932921194e-42,0.9966582955266994,3.0795395650270857e-06
90.7907907907908,1.3000232472765592e-07,0.9999998699976752,7.017559179143844e-42,0.9966616064137895,6.530015922495339e-07
90.8908908908909,0.0,1.0,5.1985230906362105e-42,0.996664910758447,1.0017553995655977e-41
90.990990990991,0.0,1.0,3.83740921650099e-42,0.9966682085804176,7.394687560197408e-42
91.0910910910911,0.0,1.0,2.9476117929597264e-42,0.9966714998991673,5.680047925033392e-42
91.1911911911912,0.0,1.0,2.50175774335436e-42,0.996674784733882,4.8208871714438517e-42
91.2912912912913,0.0,1.0,2.4317066781461878e-42,0.9966780631034681,4.6858987687877034e-42
91.3913913913914,3.0906716527633914e-07,0.9999996909328347,2.628550894916416e-42,0.9966813350265514,1.5524438913653198e-06
91.4914914914915,7.089398540147061e-07,0.999999291060146,2.942615378366015e-42,0.9966846005214782,3.561002362191118e-06
91.5915915915916,1.0160991843361593e-06,0.9999989839008157,3.18345780031559e-42,0.996687859606315,5.103861016872724e-06
91.6916916916917,1.0970291647324041e-06,0.9999989029708353,3.119868519705614e-42,0.9966911122988481,5.510371449386097e-06
91.7917917917918,8.581020775191551e-07,0.9999991418979225,2.6114298746553663e-42,0.9966943586171084,4.310243036710792e-06
91.8918918918919,5.195869094663151e-07,0.9999994804130905,2.0719353531503702e-42,0.9966975985815224,2.6098836902129323e-06
91.991991991992,1.8175831361007726e-07,0.9999998182416864,1.588767858798574e-42,0.9967008322114681,9.129718432989154e-07
92.0920920920921,0.0,1.0,1.1842090049842235e-42,0.9967040595259142,2.2819707526045986e-42
92.1921921921922,0.0,1.0,8.720847853667252e-43,0.9967072805436237,1.6805073814016793e-42
92.2922922922923,0.0,1.0,6.577655738801944e-43,0.9967104952831541,1.2675142608671343e-42
92.3923923923924,0.0,1.0,5.381661247338062e-43,0.9967137037628578,1.0370461223620446e-42
92.4924924924925,0.0,1.0,5.017455724115471e-43,0.9967169060008815,9.668637180370513e-43
92.5925925925926,1.2468393043285204e-07,0.9999998753160696,5.285074316723672e-43,0.9967201020151663,6.262873044492599e-07
92.6926926926927,3.9786701350545666e-07,0.9999996021329866,5.899995975501153e-43,0.996723291823448,1.998485213683206e-06
92.7927927927928,6.326331958677718e-07,0.9999993673668042,6.4931434535353355e-43,0.996726475443257,3.1777145324881475e-06
92.8928928928929,7.444801331857836e-07,0.9999992555198668,6.610883306663007e-43,0.9967296528919183,3.7395209250065848e-06
92.992992992993,6.380296553366066e-07,0.9999993619703447,5.769597850929304e-43,0.9967328241866051,3.204820914001349e-06
93.0930930930931,3.764557801975542e-07,0.9999996235442198,4.556146277193545e-43,0.9967359893456575,1.8909366721159192e-06
93.1931931931932,6.731017640349509e-08,0.9999999326898236,3.385347202374985e-43,0.9967391483876514,3.380989932829898e-07
93.2932932932933,0.0,1.0,2.3449544929975675e-43,0.9967423013307558,4.518727308006312e-43
93.3933933933934,0.0,1.0,1.4995384118150257e-43,0.9967454481929583,2.889610519567554e-43
93.4934934934935,0.0,1.0,8.904856178097433e-44,0.9967485889920644,1.7159657855193752e-43
93.5935935935936,0.0,1.0,5.359991661936915e-44,0.9967517237456986,1.0328703932552435e-43
93.6936936936937,0.0,1.0,4.3109850840773533e-44,0.9967548524713032,8.307268257017059e-44
93.7937937937938,0.0,1.0,5.476194921220599e-44,0.9967579751861393,1.0552627613192094e-43
93.8938938938939,3.8374870590171294e-08,0.9999999616251294,8.342143612360196e-44,0.9967610919072859,1.9275696761427597e-07
93.993993993994,3.690448790093144e-07,0.999999630955121,1.216351755878039e-43,0.9967642026516406,1.8537117431410296e-06
94.0940940940941,6.744868849165532e-07,0.9999993255131151,1.5963167124058999e-43,0.9967673074359192,3.387945337786889e-06
94.1941941941942,8.795989798098327e-07,0.9999991204010202,1.8532106634063577e-43,0.9967704062766561,4.41822178929552e-06
94.2942942942943,8.937623462391983e-07,0.9999991062376538,1.8429514376955014e-43,0.9967734991902039,4.489364252775453e-06
94.3943943943944,6.426328460516338e-07,0.9999993573671541,1.5144836516021925e-43,0.996776586192987,3.2279427113196657e-06
94.4944944944945,2.2165629637236807e-07,0.9999997783437037,1.1398997774425728e-43,0.9967796673026462,1.1133793298740712e-06
94.5945945945946,0.0,1.0,7.773428493252753e-44,0.9967827425368616,1.4979396706498054e-43
94.6946946946947,0.0,1.0,4.576610019078102e-44,0.9967858119130693,8.819127506763502e-44
94.7947947947948,0.0,1.0,2.0375764416046175e-44,0.9967888754484819,3.9264098029720974e-44
94.8948948948949,0.0,1.0,3.05914593659401e-45,0.9967919331600887,5.894974219816657e-45
94.994994994995,0.0,1.0,0.0,0.9967949850646552,0.0
95.0950950950951,0.0,1.0,0.0,0.9967980311787236,0.0
95.1951951951952,0.0,1.0,2.593189021616182e-45,0.9968010715186123,4.997075244654382e-45
95.2952952952953,0.0,1.0,1.664067163126248e-44,0.9968041061004166,3.2066574233442795e-44
95.3953953953954,5.244339409859852e-07,0.9999994755660591,3.4324124646461863e-44,0.9968071349400077,2.6342303040862897e-06
95.4954954954955,1.0768371317906757e-06,0.9999989231628682,5.237258098304855e-44,0.996810158053034,5.408947088436342e-06
95.5955955955956,1.5000779382433037e-06,0.9999984999220618,6.672060098810603e-44,0.9968131754549197,7.5348801808492845e-06
95.6956956956957,1.6636133226600973e-06,0.9999983363866773,7.250827243998493e-44,0.9968161871608658,8.35631581802871e-06
95.7957957957958,1.4247411811364893e-06,0.9999985752588189,6.460660732069029e-44,0.9968191931859252,7.156464756731205e-06
95.8958958958959,9.477080606131663e-07,0.9999990522919394,5.189068223899328e-44,0.9968221935473414,4.760333077044532e-06
95.995995995996,4.3441382305054445e-07,0.999999565586177,4.0231700235750065e-44,0.996825188262532,2.1820596852098202e-06
96.0960960960961,0.0,1.0,3.0217934907693116e-44,0.9968281773480626,5.822996056712463e-44
96.1961961961962,0.0,1.0,2.2242034863315087e-44,0.996831160820255,4.2860401181608167e-44
96.2962962962963,0.0,1.0,1.6501023722857653e-44,0.9968341386951876,3.1797472713946696e-44
96.3963963963964,0.0,1.0,1.2996300118320433e-44,0.9968371109886948,2.504387032800347e-44
96.4964964964965,0.0,1.0,1.1533637693454554e-44,0.9968400777163673,2.2225319835286923e-44
96.5965965965966,3.869383641971523e-08,0.9999999613061636,1.1723185103766622e-44,0.9968430388935524,1.9435913281636236e-07
96.6966966966967,4.4221941568048594e-07,0.9999995577805844,1.297946601651697e-44,0.9968459945353535,2.221267142689212e-06
96.7967967967968,8.284593098232806e-07,0.9999991715406902,1.4521379110719676e-44,0.9968489446566303,4.161347665737153e-06
96.8968968968969,1.0814747023697393e-06,0.9999989185252977,1.5372198077143548e-44,0.996851889271999,5.432241555159838e-06
96.996996996997,1.0590355000705402e-06,0.9999989409644999,1.435957161831105e-44,0.9968548283958317,5.319529683247678e-06
97.0970970970971,7.61023541400688e-07,0.9999992389764587,1.168614770083574e-44,0.9968577620434614,3.822618339337193e-06
97.1971971971972,4.1119218465373357e-07,0.9999995888078154,9.165937544812581e-45,0.9968606902317412,2.0654174942072303e-06
97.2972972972973,8.156307797760116e-08,0.999999918436922,6.952490553226108e-45,0.9968636129763708,4.096913072402598e-07
97.3973973973974,0.0,1.0,5.1412620132464405e-45,0.9968665302928595,9.90721189952589e-45
97.4974974974975,0.0,1.0,3.7869151853363936e-45,0.9968694421965377,7.29738556214323e-45
97.5975975975976,0.0,1.0,2.903321303253511e-45,0.9968723487025575,5.5947001513695154e-45
97.6976976976977,0.0,1.0,2.4635595740485325e-45,0.9968752498258917,4.747279299191522e-45
97.7977977977978,0.0,1.0,2.39991717806642e-45,0.9968781455813349,4.624640402133991e-45
97.8978978978979,2.0787634698511744e-07,0.9999997921236531,2.603889268945795e-45,0.9968810359835031,1.0441626738606394e-06
97.997997997998,4.830816863961953e-07,0.9999995169183137,2.9261789736191124e-45,0.9968839210468333,2.426518138529687e-06
98.0980980980981,6.957508270774466e-07,0.9999993042491729,3.176697392312757e-45,0.9968868007855841,3.494753972913525e-06
98.1981981981982,7.548625415294209e-07,0.9999992451374585,3.12456359854685e-45,0.9968896752138352,3.7916716839162545e-06
98.2982982982983,5.838033879110669e-07,0.9999994161966121,2.613848221269438e-45,0.9968925443457176,2.9324427055245763e-06
98.3983983983984,2.9664555011391185e-07,0.99999970335445,2.0308729305040896e-45,0.9968954081966406,1.490050156159049e-06
98.4984984984985,0.0,1.0,1.4823013634020108e-45,0.9968982667817509,2.8563947272756743e-45
98.5985985985986,0.0,1.0,1.0068465660941611e-45,0.9969011201159486,1.9401933328634485e-45
98.6986986986987,0.0,1.0,6.321038347718811e-46,0.9969039682139759,1.2180640896054146e-45
98.7987987987988,0.0,1.0,3.745507156874111e-46,0.9969068110904168,7.217592291296412e-46
98.8988988988989,0.0,1.0,2.395470051534813e-46,0.9969096487596979,4.616070789307584e-46
98.998998998999,0.0,1.0,2.213347495435981e-46,0.9969124812360874,4.265120623705135e-46
99.0990990990991,0.0,1.0,3.030382452918857e-46,0.9969153085336961,5.839546986774637e-46
99.1991991991992,1.3973915859723295e-07,0.9999998602608415,4.566640388931205e-46,0.9969181306664764,7.019096955432513e-07
99.2992992992993,4.727920218594188e-07,0.9999995272079782,6.431009269028029e-46,0.996920947648223,2.3748332029706134e-06
99.3993993993994,7.587441813954166e-07,0.9999992412558186,8.121199559370133e-46,0.996923759492573,3.81116913141133e-06
99.4994994994995,9.166382851197655e-07,0.999999083361715,9.02374422672587e-46,0.9969265662130049,4.604269885669531e-06
99.5995995995996,8.497698103458137e-07,0.9999991502301897,8.414026902976593e-46,0.9969293678228403,4.268390130198363e-06
99.6996996996997,6.604155760133818e-07,0.9999993395844241,6.936930612106093e-46,0.9969321643366922,3.317265247475217e-06
99.7997997997998,5.133362065581626e-07,0.9999994866637936,5.7194201237696945e-46,0.9969349557695448,2.5784864419024444e-06
99.8998998998999,3.99656614347621e-07,0.9999996003433858,4.71700938413764e-46,0.99693774213516,2.0074743715132013e-06
100.0,3.1126855656308184e-07,0.9999996887314435,3.890435606991673e-46,0.9969405234472545,1.5635014729227952e-06
