t,x1_t,x2_t,x3_t,y_t,E_t
0.0,0.1923355892419839,0.29869796741625304,0.508966443341763,0.9692176373171948,0.8065300511436932
0.10010010010010008,0.17212332547771694,0.34388368899456295,0.4839929855277201,0.975045775322081,0.8582352359262876
0.20020020020020016,0.15354529004947243,0.39157017983284315,0.45488453011768437,0.9798969359562443,0.8875369800498103
0.30030030030030025,0.13686047926381809,0.43949100127310736,0.4236485194630745,0.9839006050114781,0.8910932413304116
0.4004004004004003,0.12232145926623904,0.4854823360637726,0.3921962046699885,0.9871657958390524,0.871239512139021
0.5005005005005004,0.10992035108921405,0.5280478047654691,0.3620318441453167,0.9897989343341861,0.8335644713513908
0.6006006006006005,0.09951726844461956,0.5662418148730975,0.334240916682283,0.9919053064413437,0.7848512504606976
0.7007007007007008,0.09090280700198446,0.5996955224353556,0.3094016705626599,0.9935799812075111,0.7312991023203113
0.8008008008008006,0.08387245267310121,0.6284775841052292,0.2876499632216696,0.9949056878467635,0.6773325592524517
0.9009009009009012,0.07815472746415351,0.652956951956387,0.2688883205794593,0.995950699190377,0.6257550375764731
1.0010010010010009,0.07350143108731408,0.6737125014270989,0.2527860674855866,0.9967736163953279,0.5778634873532139
1.1011011011011014,0.06972736542850663,0.6912286127122049,0.239044021859288,0.9974201119465907,0.534595925290899
1.201201201201201,0.06668542948515938,0.7060966644154371,0.2272179060994032,0.9979334994968763,0.4957596688054673
1.3013013013013015,0.0641734407070505,0.7186785222334086,0.21714803705954044,0.9983370082547918,0.4609293635768967
1.4014014014014016,0.06215996796817869,0.7293179230093477,0.20852210902247306,0.9986585343282806,0.42991265731975536
1.5015015015015019,0.060514279845225914,0.7384314864422722,0.20105423371250133,0.9989134203992457,0.4021291080702297
1.6016016016016013,0.05914606613507479,0.7462627734396428,0.19459116042528152,0.9991167121554809,0.3772179070407758
1.7017017017017009,0.05800079880906936,0.7529444764031857,0.18905472478774393,0.9992799995022179,0.3550396292457826
1.8018018018018025,0.057035951404251876,0.7587524913746115,0.18421155722113575,0.9994100834647828,0.33513983648581364
1.9019019019019021,0.05623732676266236,0.7638014760528135,0.17996119718452305,0.9995155796267503,0.31726225684948384
2.0020020020020017,0.05556072924972711,0.7682220251411792,0.17621724560909235,0.9996010594130803,0.3011100417486454
2.102102102102101,0.054999751725334965,0.7720995026007562,0.1729007456739073,0.9996698201243616,0.2866382312150674
2.2022022022022028,0.05450952808197953,0.7755399709248683,0.1699505009931503,0.9997269700505335,0.2734935661627228
2.3023023023023024,0.054079305889069236,0.7786184165146725,0.16730227759625618,0.9997731783164033,0.2615305723956167
2.402402402402402,0.05369043944789159,0.7813731716971929,0.1649363888549132,0.9998116825517096,0.2507100194716887
2.502502502502501,0.05334875205486977,0.7838541308006386,0.16279711714448894,0.9998427065342895,0.24084706915924964
2.602602602602603,0.05304816569969089,0.7861079520818334,0.16084388221847265,0.9998682398445103,0.2317383516276877
2.702702702702703,0.05279074174147442,0.7881858262975495,0.1590234321412945,0.9998894874205614,0.22340913676942445
2.802802802802803,0.052530389446720546,0.7900800123749332,0.15738960240883568,0.9999069853065065,0.21581765451151372
2.902902902902902,0.05230318715498496,0.7918368367338369,0.15585997863417783,0.9999216062225723,0.20883652679822237
3.0030030030030037,0.05209490086088468,0.7934636414467818,0.15444146061079844,0.9999339056908373,0.20229634262403992
3.103103103103101,0.05192234778392759,0.7949914239210725,0.15308623058708495,0.999943999729226,0.19620552141563452
3.2032032032032025,0.05174779812459239,0.7963821489726538,0.1518700548496242,0.9999525869807825,0.19048402218972313
3.3033033033033044,0.05158926863570759,0.797698466961435,0.1507122658154404,0.999959538418424,0.1851665926793352
3.4034034034034018,0.051438162661619075,0.7989303404472697,0.1496315021681255,0.9999654758696752,0.18014884780461649
3.5035035035035036,0.051305974637644663,0.8001087314563924,0.1485852990748259,0.999970519761817,0.17539798580293012
3.603603603603605,0.05117334743276894,0.8012079584065888,0.14761869758848872,0.9999747596598625,0.17091818003637219
3.7037037037037024,0.051054895841459697,0.8022493376251938,0.1466957681036987,0.9999784092642967,0.16663670403540487
3.8038038038038042,0.05094753447107427,0.8032437788311788,0.14580868923963677,0.9999814404155397,0.1625889405693367
3.9039039039039016,0.05084631528358656,0.8041882975303543,0.14496539049926077,0.9999840270273946,0.1586894782884936
4.0040040040040035,0.050755236341255554,0.8050844359356972,0.14416033229602293,0.9999861772394707,0.1549940875910163
4.104104104104104,0.050654579939636325,0.8059657525472647,0.1433796749418387,0.9999880747036726,0.15136567706076334
4.204204204204202,0.05057282760943343,0.8067984209963561,0.14262876403945146,0.99998971701774,0.14790617959556965
4.304304304304304,0.05050474620935795,0.8075769492123409,0.14191831747528702,0.9999911334303533,0.14461241195280888
4.4044044044044055,0.050417826434935004,0.8083428726092224,0.14123931281247717,0.9999922939691744,0.14141856144312806
4.504504504504503,0.05036240429100419,0.8090858058401,0.14055180268089923,0.9999933348920431,0.138353818252409
4.604604604604605,0.05030516987146573,0.809799234315714,0.13989560681722316,0.9999942473044493,0.13535815636712575
4.704704704704702,0.05024975523756748,0.8104880445685287,0.13926221012447473,0.9999949927075363,0.13247896148442279
4.804804804804804,0.050205420111782514,0.811144420382193,0.13865016431220842,0.9999956194279559,0.12967570441833556
4.904904904904905,0.050175668262000955,0.8117720893449718,0.1380522498778013,0.9999962043934648,0.12697221200898648
5.005005005005002,0.05013382299637425,0.8123753322410955,0.13749085656194554,0.9999966852048294,0.12431519403381688
5.105105105105104,0.05009633640463505,0.8129491285328688,0.13695455026207567,0.999997101233041,0.12176697177522655
5.205205205205206,0.050046526003580935,0.8135276092263544,0.13642588661493305,0.9999974093403013,0.11923634039745447
5.305305305305303,0.049985597841522754,0.8140690240573304,0.1359454018426055,0.9999977112494133,0.11675225227211826
5.405405405405406,0.04993903231103314,0.8146085709032966,0.13545241348349663,0.9999979805442409,0.11431739616955097
5.505505505505504,0.04991536962565998,0.8151244959805283,0.13496014935529707,0.9999982280507989,0.11198349722873255
5.605605605605606,0.04987547642798411,0.8156024177332645,0.1345221214797527,0.999998421272019,0.10974291126559932
5.705705705705703,0.04984282097993554,0.8160592058434307,0.1340979852701004,0.9999986072378135,0.10753116886476201
5.805805805805804,0.04982830353208182,0.8165137198725289,0.1336580044863334,0.9999987804571269,0.1054224844873796
5.9059059059059065,0.049809418322051685,0.8169442413868602,0.13324638501332103,0.9999989163516737,0.10333957065160729
6.006006006006007,0.04977680544941397,0.8173740174809438,0.13284921756193482,0.9999990409892141,0.10129695140544867
6.106106106106109,0.04975120559043941,0.8177931887126629,0.13245563852751907,0.999999155484965,0.09933646661908536
6.206206206206202,0.04974262900442415,0.818191820523194,0.1320655801149871,0.9999992406280243,0.09739888759858574
6.306306306306304,0.04972128745166195,0.8185774344388179,0.13170130478702297,0.9999993069266913,0.0954824982960622
6.406406406406405,0.049701193120394574,0.8189353401108485,0.13136348780723137,0.999999377002068,0.09367023128330873
6.506506506506508,0.0496835819509805,0.8192846248473277,0.13103180898057282,0.9999994472212661,0.09188382457194262
6.606606606606609,0.04967618196695462,0.8196219375199182,0.13070190301048362,0.999999497950551,0.09016352620482054
6.7067067067067025,0.049658163694441634,0.8199525467872069,0.130389317738382,0.9999995598188307,0.088467530029652
6.8068068068068035,0.04964110694820218,0.82027839056385,0.1300805325282682,0.9999995897394267,0.0868031407355453
6.906906906906905,0.04964102694814928,0.820590443321764,0.12976856933621353,0.9999995931115794,0.08514716155868286
7.007007007007007,0.049634375924701275,0.8208861648633685,0.12947950726930788,0.999999612954707,0.08360283033772664
7.107107107107109,0.04963387835764486,0.8211716275495438,0.12919453049202337,0.9999996407840135,0.08203771491478763
7.20720720720721,0.04963372030283352,0.8214476323195778,0.12891867662504525,0.9999996922992497,0.08049566018732687
7.307307307307305,0.04963299603949443,0.8217121391273677,0.12865489672964525,0.9999997292640512,0.07906107501015099
7.407407407407405,0.04962064968281669,0.8219669068514305,0.12841248769362845,0.9999997288004645,0.07763938747680457
7.507507507507511,0.049621407890849886,0.8222120348282183,0.12816659467593253,0.9999997353456165,0.0762624900335185
7.6076076076076085,0.04962058516997637,0.822442591490094,0.12793686304308916,0.9999997923844528,0.07493770025753338
7.707707707707714,0.04960267977540116,0.8226684374729856,0.1277289130980835,0.9999997847117185,0.07360384026538197
7.807807807807803,0.04960535997972306,0.8228944228009234,0.1275002420075259,0.9999996781316147,0.07233740086372213
7.907907907907909,0.04959867200707937,0.8231120129861081,0.12728934064232494,0.9999996196737001,0.07108890540212601
8.008008008008007,0.04958094549096181,0.8233252653822944,0.12709383409930985,0.9999996588434397,0.06986913116901078
8.108108108108112,0.049582746041721096,0.8235301982845334,0.1268871043888052,0.9999997742322178,0.06868709612859251
8.208208208208209,0.04958719003801111,0.8237262905579918,0.12668657358892615,0.9999998074803714,0.06753765004984269
8.308308308308307,0.049587590253725285,0.8239067023533193,0.12650575246290588,0.9999998028749448,0.06641870109484702
8.408408408408404,0.049588207605767445,0.8240941252595418,0.12631770430945757,0.9999998235788301,0.0653197378967963
8.50850850850851,0.0496003887375149,0.8242588588454773,0.12614077933302006,0.9999998596773306,0.06427484517702148
8.608608608608607,0.04961728511922811,0.8244078890153865,0.12597486496499494,0.9999998812415105,0.06331446359276743
8.708708708708714,0.04961193576923926,0.8245697567136694,0.12581836590370957,0.9999998986130411,0.062285628371434795
8.808808808808811,0.04961380623324391,0.8247334871629654,0.12565277319093912,0.9999999017723326,0.06131197255299769
8.90890890890891,0.04961527728488081,0.8248902927075259,0.12549448376131841,0.9999999035332723,0.06035071477686053
9.009009009009006,0.049613677979251126,0.8250380447104321,0.12534831777288952,0.9999998930179124,0.05940514693612252
9.109109109109111,0.049617364831793125,0.8251846690761312,0.12519803737358948,0.9999998852021234,0.05849739753747524
9.20920920920921,0.04962278858000927,0.8253138210961417,0.1250634762826342,0.9999998686871214,0.05760964394741095
9.309309309309315,0.04962884139850248,0.8254511916421544,0.12492004899355934,0.9999998210520775,0.05674041934353232
9.409409409409404,0.049640528974005706,0.8255758390954092,0.12478369666652686,0.9999997850940923,0.055898627362242756
9.50950950950951,0.0496549849879764,0.8256849599946824,0.12466011209553997,0.9999997624708775,0.05511142168733237
9.609609609609608,0.04967189021821315,0.8258066274706579,0.12452153353013508,0.999999787584848,0.054327406012136724
9.709709709709713,0.04967780810250148,0.8259157622866454,0.12440650306162349,0.9999997958126449,0.05356925422178501
9.80980980980981,0.04967901271112369,0.826030236399564,0.124290833568077,0.9999998591490524,0.05280496585395105
9.909909909909908,0.049693117794171515,0.8261275021343776,0.12417946958545127,0.9999998861239657,0.05207311168825682
10.010010010010005,0.049705927297530816,0.8262315600179613,0.12406259188509002,0.9999998797077335,0.05134430508813084
10.110110110110112,0.04970684375216444,0.8263380719690413,0.12395514259249177,0.9999998353261302,0.05062978825471981
10.210210210210208,0.04972384052990119,0.8264252401963884,0.12385096981990724,0.9999998357043822,0.04997454732089708
10.310310310310316,0.04973605159971858,0.8265204514194702,0.12374354538177573,0.9999998605647666,0.04929833161858521
10.410410410410412,0.04974590652582352,0.8266055710904242,0.12364857431648434,0.9999998573760688,0.04863751316895996
10.51051051051051,0.04975001768018825,0.8266962564721152,0.12355376897014245,0.999999820673553,0.047997141600349257
10.610610610610607,0.04975867566761905,0.826788251522223,0.12345310532088959,0.9999997524776687,0.047366805431823616
10.710710710710712,0.04977703838858971,0.8268571517287115,0.12336584517579191,0.9999997194539578,0.04678117855589671
10.810810810810812,0.04979136296546299,0.8269195986360037,0.12328907751513755,0.9999997639887994,0.04621318989857786
10.910910910910914,0.049798834490769876,0.8270009174419374,0.12320028935572883,0.9999998113106283,0.04561987786423606
11.011011011011009,0.049809770073931475,0.827073525488531,0.1231167362092214,0.9999998491659227,0.045049166058680985
11.111111111111112,0.04983324004544015,0.8271370449570808,0.12302976000341609,0.9999998883919021,0.04451785468426989
11.211211211211213,0.04983704387487311,0.8272111877985735,0.12295183187316149,0.9999999205390516,0.04396959304111213
11.311311311311314,0.04986020478302672,0.8272696501910249,0.12287022015749398,0.9999999575427939,0.04343260131790753
11.411411411411406,0.04987352612530515,0.8273272111355576,0.12279935487102765,0.999999950235961,0.04291494304990503
11.511511511511516,0.04989690660446841,0.8273838978114871,0.12271928477574182,0.9999999253590606,0.04239690065764074
11.611611611611607,0.04991024142287617,0.8274463047721449,0.12264352747100739,0.9999999075831973,0.04190934344641059
11.71171171171172,0.049921226269060426,0.8274981788835973,0.12258067536761977,0.9999998871045688,0.04141664614061657
11.811811811811813,0.0499388983955019,0.8275537135805735,0.1225074761589283,0.9999998647707192,0.04092627500485717
11.911911911911906,0.049959909646563376,0.8275982677243875,0.12244191112914166,0.9999998581262097,0.04045971108030939
12.012012012012015,0.0499766643008125,0.8276432824769248,0.12238011934310604,0.9999998634447335,0.04000037792461544
12.112112112112111,0.04998892918552209,0.8276965768500523,0.12231455218116163,0.9999998387614133,0.039555267840282335
12.212212212212219,0.04998949883353085,0.8277485527865351,0.12226200601050907,0.9999997507468047,0.03911303304117359
12.312312312312313,0.05000802762981531,0.827793246521994,0.12219878729447221,0.9999997613727958,0.038699304671000356
12.412412412412404,0.0500278376794332,0.8278261260983807,0.12214607828770606,0.9999997988761499,0.03828782627774479
12.512512512512517,0.050037852299524795,0.8278737238866528,0.1220884602769804,0.9999998161420407,0.03787374486845795
12.612612612612608,0.05005730625382091,0.8279082663231664,0.12203445578314899,0.9999997938083119,0.03748834480980171
12.712712712712719,0.050085324050062226,0.8279361091644821,0.12197859614515047,0.9999997711172567,0.03713403002577147
12.81281281281281,0.050107865988474894,0.8279699281620744,0.12192223822294758,0.9999998000479288,0.036744851520217725
12.912912912912905,0.050130009525704476,0.8280035871770822,0.1218664363194664,0.9999998214682191,0.036395492018583074
13.013013013013015,0.050143686155733024,0.8280397160989899,0.12181663443367097,0.9999998223967357,0.03601345426328373
13.113113113113108,0.05015863246311213,0.8280759978576052,0.12176541329230187,0.9999998210031322,0.035673210032500395
13.213213213213217,0.050178659969627656,0.828114095845082,0.12170728864814946,0.9999998433918321,0.03531948705304389
13.31331331331331,0.05019631744370759,0.8281383449596018,0.12166536966709714,0.9999998709488565,0.03497571664348442
13.413413413413405,0.05021076144596101,0.8281733086653633,0.12161594998605037,0.9999998916222653,0.03462997265254308
13.513513513513516,0.05023246409121081,0.828206963081486,0.12156058764600923,0.9999999036900306,0.03429233990438864
13.613613613613607,0.050246996980721007,0.828239854095715,0.12151316289116908,0.9999999189374268,0.03397310266435138
13.713713713713718,0.05026367121242474,0.8282730435945473,0.1214633034555474,0.9999998424162403,0.03364407887643898
13.81381381381381,0.05027662917349643,0.8283058638426193,0.12141754214021708,0.9999997379813185,0.033321585510849155
13.913913913913905,0.050276857900018394,0.8283433497756876,0.1213798408273806,0.9999997332373513,0.03300184311820642
14.014014014014014,0.05029532678443031,0.8283690495640971,0.12133567227126166,0.9999997637759013,0.032698585975991346
14.114114114114107,0.050303218701761916,0.8283987764817242,0.12129804395374257,0.9999997757847409,0.03239192719512921
14.214214214214218,0.05031715234178257,0.8284136629456132,0.12126922016431393,0.999999798187299,0.032081536887585825
14.314314314314311,0.05033028621295774,0.8284365694243883,0.1212331782273436,0.9999998703718207,0.03179621189624799
14.41441441441442,0.050332923527511016,0.828463070135316,0.12120404808737031,0.9999998721608624,0.031499145093699756
14.514514514514515,0.0503561487924192,0.8284787875270527,0.12116511155634538,0.9999998388083859,0.031222705304570317
14.61461461461461,0.05036419373877524,0.8285095917065973,0.12112628744100698,0.999999826667973,0.030921401344021115
14.714714714714718,0.05038496423300112,0.8285243144080009,0.12109080046747273,0.9999998623226615,0.03066449300114148
14.81481481481481,0.05040206181771388,0.8285420899324285,0.12105591029903688,0.999999870418628,0.030425831520749708
14.91491491491492,0.0504113383628794,0.8285665707616103,0.12102215280861563,0.9999998606086405,0.030173015244647328
15.015015015015022,0.0504247049408483,0.8285824886495482,0.12099285679999565,0.9999998853738302,0.029926549738783906
15.11511511511511,0.050427552412826135,0.8286031864438851,0.12096928974235269,0.9999998865104834,0.029687557259536618
15.215215215215217,0.05044607253805085,0.8286251749518222,0.12092876736068045,0.9999998791973291,0.02942579115612932
15.315315315315317,0.05046408445060216,0.8286509767092197,0.12088494413385216,0.9999998706084746,0.029180504358885716
15.415415415415428,0.05047533342516227,0.8286715994626662,0.1208530630819131,0.9999998826584977,0.028924354927662495
15.515515515515517,0.050478353750227,0.8286979859110919,0.12082366201249398,0.9999999114640855,0.028678234894048426
15.615615615615607,0.05049278592183077,0.8287089213508358,0.12079828634361721,0.999999920516689,0.028451824104095476
15.715715715715717,0.05050305836225073,0.8287321250119412,0.1207647982909553,0.999999912824025,0.028211862854907656
15.815815815815817,0.050508045864114295,0.8287500435121486,0.12074187919799244,0.999999892150896,0.027997355018750475
15.915915915915924,0.05051952776038703,0.82876982411223,0.12071061509321035,0.9999998369365791,0.027771577726509886
16.016016016016014,0.05053665539290464,0.8287835934844966,0.12067970401441966,0.9999998003594917,0.02755995304697394
16.116116116116114,0.05054526263233297,0.8288061998353244,0.12064848362553919,0.9999998165940748,0.02734120847503648
16.216216216216225,0.05055506357763764,0.8288214866849511,0.12062337546550875,0.9999998296831727,0.027136700693967158
16.316316316316314,0.05055937690552087,0.8288401850717412,0.1206003450240463,0.9999997879832606,0.026904108490291654
16.416416416416418,0.05056458956253372,0.8288607763755945,0.12057451786449627,0.9999997312638931,0.02667855512206268
16.516516516516514,0.05056579478522882,0.8288734017539301,0.12056066495672303,0.999999720928399,0.026465774013249208
16.616616616616614,0.05058821423228703,0.8288822550683866,0.12052938268918241,0.9999997455570242,0.02627309517443301
16.71671671671672,0.050599704910528336,0.8288935209505442,0.12050660553928215,0.999999826848574,0.02608103028420646
16.816816816816807,0.05061403134656603,0.8289094664956649,0.12047630449537519,0.9999998717500048,0.025880707258675462
16.916916916916925,0.05062363759364945,0.8289256757169552,0.12045045194158246,0.9999998744683024,0.0257003437009856
17.01701701701702,0.05064886903246331,0.8289338207187581,0.120417027605468,0.9999997999852382,0.025527605295623874
17.117117117117125,0.05064702443272599,0.8289536405405737,0.12039900371645894,0.9999998360947803,0.025319201935462155
17.217217217217215,0.05065577344564479,0.8289661320308599,0.12037770590258735,0.9999998368108219,0.02511549812408233
17.31731731731731,0.0506670898101517,0.8289774751290905,0.12035499154469496,0.9999998311646039,0.0249380849236315
17.41741741741743,0.05066939082856391,0.8289898527869387,0.12034025248869767,0.9999998209797599,0.02476675896225203
17.517517517517515,0.0506851131992417,0.8289973828344502,0.12031692426895654,0.9999998356754635,0.024598587077075493
17.617617617617622,0.050714020758580246,0.8290021606921997,0.12028314917914726,0.9999998193686511,0.024438815244687054
17.717717717717722,0.050722541309957424,0.8290150466948706,0.12026164343971767,0.9999997775208223,0.024281467212060436
17.81781781781782,0.05073332656117846,0.8290286001101342,0.12023719020924263,0.9999997649435924,0.024117527027603874
17.917917917917922,0.0507437573054163,0.8290454380155664,0.12020978350614454,0.9999997904150161,0.023940024273984152
18.01801801801801,0.05075326569729762,0.8290631425228738,0.12018241323575286,0.9999998125265065,0.02376184338675592
18.118118118118122,0.05076108433477651,0.8290735929587378,0.12016397473805525,0.9999998204978972,0.023594585846836078
18.218218218218222,0.0507701594863045,0.8290889644135399,0.12013933789634171,0.9999998209457667,0.023444109559089783
18.318318318318312,0.05077322951103886,0.8290985964538097,0.12012640870904874,0.9999998132199196,0.02329008762385814
18.41841841841842,0.050775398766064024,0.8291152121209454,0.12010737717925554,0.9999998590900752,0.02312344948408184
18.51851851851852,0.050787142858517056,0.829131504165306,0.12007904175618167,0.9999999199197922,0.022965993219036324
18.61861861861863,0.05079641450096403,0.8291376388182575,0.12006330025934683,0.999999886587307,0.022820661861575463
18.71871871871872,0.05079606191223984,0.8291559583578633,0.12004488803526593,0.9999998451746063,0.022658317827791947
18.81881881881881,0.05080801717116585,0.8291669593475745,0.12002142645545437,0.9999998597397736,0.022500926935964127
18.91891891891892,0.05080694784999855,0.8291820975709527,0.12000682313108654,0.9999998040972092,0.022336943365662137
19.01901901901902,0.05081775453840325,0.8291828936672806,0.1199946223454822,0.9999997650863978,0.0222214029011312
19.119119119119127,0.05082298943714814,0.8291918499387603,0.11997976648589496,0.9999997459076818,0.022074823539899407
19.219219219219216,0.0508391956160194,0.8291957540126269,0.11995893456794052,0.999999736353105,0.021944521845701673
19.319319319319316,0.0508441287862181,0.8292035794279503,0.11994539404765807,0.9999997338652461,0.021804001584791576
19.419419419419427,0.05085355396952117,0.8292098028666736,0.11992876063129079,0.9999997766969558,0.02167577760387725
19.519519519519516,0.05087638780245504,0.8292059350764528,0.11990866994015957,0.9999995971266267,0.021563310381548708
19.61961961961962,0.05088525447375611,0.8292163125677742,0.11988812708770949,0.9999993725833147,0.02142444198889847
19.719719719719716,0.05088057841637938,0.8292280518225977,0.11987956825782894,0.9999991898228006,0.021277958009285395
19.819819819819816,0.050892042823534836,0.8292327967373883,0.11986156370880639,0.999999127813338,0.021144904839198102
19.919919919919924,0.05089497515507159,0.829249283163751,0.11984017087250338,0.9999996272486533,0.020981803849145386
20.02002002002001,0.050897943519287836,0.8292529704340895,0.11983128904453061,0.9999998081702413,0.02086605438236568
20.120120120120127,0.05091191073142474,0.829253573940476,0.1198139302592372,0.9999984501002341,0.020749261355707063
20.220220220220224,0.050915514943675876,0.8292626606525347,0.11979805371075403,0.9999970567399149,0.020588078837430673
20.320320320320313,0.05092537229495987,0.8292716225130464,0.11977575900152114,0.9999979434836938,0.020469597516372492
20.420420420420417,0.050923681595869116,0.8292784970951489,0.11976646655791079,0.9999985069924818,0.020352994926764387
20.520520520520513,0.05093174339355672,0.8292844792903341,0.11974781177973283,0.9999987846010856,0.02021841179726373
20.62062062062063,0.05093374715313037,0.8292949859534147,0.11973026156423226,0.9999990607700588,0.02007952967150208
20.720720720720717,0.050928070634166496,0.8293055438279574,0.11971925492756025,0.9999993356671105,0.019945269352533976
20.820820820820824,0.05093690616836698,0.8293073061457136,0.11970171601212874,0.9999995205701817,0.01982103855584547
20.920920920920924,0.05094499080656971,0.8293050406733777,0.11968770016085145,0.9999996066878432,0.019709213526487322
21.02102102102102,0.05095197523315391,0.8293058014504473,0.11967081607760449,0.999999670195787,0.019579668517895873
21.121121121121124,0.05095237137673332,0.8293089594310553,0.11965622677435235,0.9999996958883067,0.0194458214108372
21.221221221221214,0.05095425034042765,0.8293129312993733,0.11963820584763112,0.9999996449943134,0.019293541108150198
21.321321321321324,0.05095889941525507,0.8293099581962705,0.11962208950131509,0.999999616946014,0.019162724610322535
21.421421421421424,0.050962787538492184,0.8292990423085256,0.11961397759862093,0.9999996523329371,0.019046521516116462
21.521521521521517,0.05095494211641367,0.8292998091013499,0.11960297976834133,0.9999997416957073,0.018887601264635834
21.621621621621625,0.05095468815713201,0.8292990878767297,0.11958342176114695,0.9999997389534542,0.018745930626582103
21.721721721721725,0.05095806513381581,0.8292868341081636,0.11956721360443028,0.9999997039874774,0.01862656612719485
21.82182182182183,0.050963101217567384,0.8292766125967084,0.11954627019209046,0.9999997284643453,0.0184808629687678
21.92192192192193,0.05096982731761037,0.8292516184557677,0.1195338144970046,0.9999997359467531,0.01836393656846237
22.022022022022018,0.05095614607365895,0.8292358587079145,0.1195276176798461,0.9999997640118051,0.018218046685251885
22.122122122122132,0.05095399568594968,0.8292053467412622,0.11951995034929351,0.999999791099193,0.018094437154660477
22.222222222222225,0.05095384621618507,0.8291717204280391,0.11950893985125047,0.9999998036678991,0.01797352264310507
22.32232232232232,0.050949400497756245,0.829139628196856,0.11949359870704374,0.9999998442741517,0.01783554424900254
22.422422422422425,0.05094982246635875,0.8291023899630144,0.11947018115096887,0.999999842690925,0.017695638930148052
22.522522522522536,0.05095101120287185,0.8290502216000342,0.11945206811553927,0.9999998292442338,0.01756678903886662
22.62262262262263,0.05094295021528306,0.8289900436933312,0.11944069654453741,0.9999998220523341,0.017412395242124665
22.72272272272272,0.050932685175446066,0.8289167642781453,0.11943208801054443,0.9999997868548409,0.017263734047591996
22.82282282282281,0.05092933046346939,0.8288329915348868,0.11941431517328842,0.9999997981800298,0.01710743042309067
22.922922922922943,0.050918335557043705,0.8287412759841601,0.11939831580180889,0.9999997922612308,0.01693308671683473
23.023023023023033,0.05088402112841299,0.8286433582526188,0.11939743171138267,0.9999998175072592,0.016735161208351394
23.123123123123126,0.05087725966818131,0.828516153339052,0.11938169264997511,0.9999998674372913,0.016573110752675986
23.223223223223215,0.05085714529217024,0.8283741285768584,0.11936836487109663,0.9999998519906275,0.016377753186407433
23.32332332332332,0.05083413548356633,0.828218675599751,0.1193591740439664,0.9999996562140986,0.01618069474987529
23.42342342342344,0.05080599094390491,0.8280448268828993,0.11934885480948385,0.9999993813760077,0.015974159551646803
23.523523523523536,0.05077241963593523,0.8278434851118935,0.11934384176428837,0.9999991749756668,0.015752512756399523
23.623623623623626,0.05073323008981073,0.8276251407766755,0.1193397384592501,0.9999990419443747,0.01552241628933734
23.723723723723722,0.05070156714995071,0.8273713648160307,0.11932548506764801,0.9999989502429848,0.01527249695042576
23.823823823823812,0.05066188366364963,0.8270955436871792,0.1193151453348069,0.9999989174930733,0.015039037593604462
23.92392392392394,0.0506228299806627,0.8267814983876126,0.11930400446662523,0.9999988833254351,0.014783397400816608
24.02402402402403,0.05058055675993595,0.8264400181006732,0.11929043917067067,0.9999989083471721,0.014520889562007573
24.124124124124133,0.050521989513267876,0.8260858152824659,0.11927803587076503,0.9999991169814895,0.014237251633061845
24.224224224224223,0.05047357820303852,0.825676926426848,0.11926380785134386,0.9999993774748182,0.01395542222117165
24.324324324324316,0.050414457138522446,0.8252349375812339,0.11925422551673273,0.9999994362830171,0.013661525319648373
24.424424424424437,0.05035593917641172,0.8247524691887876,0.11924066962738025,0.9999994834574774,0.01335762464844938
24.524524524524537,0.050289040356565826,0.8242468091343829,0.1192346421586684,0.9999995670750111,0.013041187784408366
24.624624624624627,0.05021710975414706,0.8236989245515106,0.11922801286105228,0.9999996366217241,0.012729084927590931
24.72472472472472,0.050161411904182295,0.8231232551711585,0.1192074069065442,0.9999996440092305,0.01240779884425195
24.82482482482481,0.05009399332132783,0.8225226443171916,0.11919823886322889,0.9999996990180322,0.012088539695893193
24.924924924924944,0.05002805759605619,0.821888791624579,0.11918748048884455,0.9999997292698977,0.01177548327893986
25.025025025025034,0.049963134208511055,0.821249338195628,0.11917914527176506,0.9999997535312741,0.011465609205468222
25.125125125125127,0.04989944879189092,0.8205887342663021,0.11916674212105915,0.9999997562284774,0.011166657680108532
25.225225225225216,0.049839219896055824,0.8199227790661584,0.11915472191000752,0.9999997687025031,0.010868405245871631
25.325325325325316,0.04978547114243032,0.8192457481039022,0.11913286601795771,0.9999998038881387,0.010573608339153434
25.425425425425438,0.04972080889948313,0.8185759480633501,0.11912354653925851,0.9999998396544573,0.010293672328302046
25.52552552552553,0.049667720872842984,0.8178979433258108,0.11911117364431309,0.9999998406099374,0.010016848408355209
25.62562562562562,0.049615382632246165,0.8172514486515339,0.11909388317806784,0.9999998391551305,0.009759814811317725
25.725725725725724,0.049574992185018124,0.8166146696190145,0.11907310856648655,0.9999998496544223,0.00950970606425844
25.82582582582581,0.04953378744991578,0.8159797792399892,0.11905289716990047,0.9999997934950794,0.00927763189044393
25.92592592592594,0.049482680598913045,0.815367559702562,0.11904347893017865,0.9999997563671937,0.009051875649161873
26.02602602602603,0.04944092331552826,0.8147902596319553,0.11902930961930101,0.9999997692702125,0.008837206541309558
26.126126126126128,0.0493950561760925,0.8142423895549119,0.11901985109762922,0.999999762486928,0.00864167418570274
26.226226226226217,0.04935988029462443,0.8137154799082944,0.11900130982908641,0.9999997620818115,0.008464054734008287
26.326326326326317,0.049327526766787026,0.8131982844394569,0.1189815808974113,0.9999997747282836,0.008298766342630702
26.426426426426435,0.04930027277369018,0.8127185846192655,0.11895760101465296,0.9999997976429372,0.008146301258266455
26.52652652652654,0.04927097896320319,0.8122562069507434,0.11893619016427667,0.999999804471263,0.008005492284026678
26.62662662662662,0.04923385413451121,0.8118255715201165,0.11891687641638923,0.9999997522393557,0.007882327882744662
26.72672672672672,0.04920302811904537,0.8113947649458211,0.1188942157155931,0.9999997119036469,0.007781392560048428
26.82682682682681,0.04916308745790826,0.8109734914188902,0.11887685210797887,0.9999997051684429,0.0076897915408919455
26.926926926926942,0.04913871960654386,0.8105649672529196,0.11884243375879897,0.9999997167732615,0.007614630546643532
27.02702702702703,0.049108585684816485,0.8101633519408574,0.11880815285788177,0.9999997582441063,0.0075584314238801055
27.127127127127128,0.049064030586127634,0.8097579234418558,0.1187842842196924,0.9999998268745364,0.007520856186935092
27.227227227227214,0.04902241564266562,0.8093601777935833,0.11875326837032765,0.999999865042889,0.0074941981190260985
27.327327327327318,0.04897734489922371,0.8089480301320211,0.11872084817001753,0.999999926667112,0.007476079685798537
27.427427427427435,0.04892565401074982,0.8085302544964378,0.11868597727854728,0.9999999415427008,0.007469533364798363
27.527527527527536,0.048872488659169024,0.8080964016692544,0.11864605806318035,0.9999999336661324,0.007476602599893202
27.62762762762762,0.048808880752447666,0.80764298742931,0.11860839793681403,0.9999999099251385,0.007503298472265825
27.72772772772772,0.04874601714863927,0.8071717059107653,0.11855981051648665,0.999999901300333,0.0075303555721717005
27.82782782782781,0.04867038578279855,0.8066783148752278,0.11851426852520508,0.9999998910482444,0.0075707929531718685
27.927927927927943,0.04859139018075513,0.8061747408686949,0.11846194793349417,0.9999998746932273,0.007615057581466542
28.02802802802803,0.048499036904509164,0.8056373421355794,0.11840797457903426,0.9999998417262125,0.007668802306254952
28.12812812812813,0.04839906447866356,0.8050842272516631,0.1183509512240531,0.9999998125131874,0.00772386187094604
28.228228228228215,0.048293551463182864,0.8045059794243999,0.11828755414952345,0.9999998090790019,0.007785356342662642
28.328328328328347,0.048172570527583065,0.8039106460385577,0.1182245118445094,0.9999998099560643,0.007835524420823472
28.428428428428436,0.04804392107727155,0.8032965345138204,0.11815442526251582,0.9999998057532566,0.007894517515808601
28.52852852852853,0.04790306309761594,0.8026509729363082,0.11808223262872836,0.9999997911940158,0.007937903669554412
28.628628628628622,0.04774914717017624,0.8020005224751809,0.1180082447932738,0.9999997978265193,0.007968686834477065
28.728728728728722,0.04758639969108515,0.801331642601495,0.11792318590345172,0.9999998251033697,0.00809029157882472
28.82882882882884,0.04741359307468206,0.8006517637117195,0.11784178508464631,0.9999998508103903,0.008310263125590316
28.928928928928944,0.047231875313487784,0.799965791996261,0.11775360322521788,0.9999998071879104,0.008514307817785699
29.02902902902903,0.04704306774191401,0.7992854343823286,0.11766104251218959,0.9999997313551983,0.008685494897771274
29.129129129129126,0.04684027639449977,0.7986048862584614,0.11757371043366031,0.9999996424168129,0.008818079701150823
29.22922922922922,0.04662942379346896,0.797928468284699,0.11747901350968283,0.9999996755867767,0.008923264647093048
29.329329329329344,0.04640762933912451,0.7972605309183978,0.1173855520754399,0.9999997586795654,0.008986409170606193
29.429429429429437,0.046189272534397585,0.79659167806622,0.11728896257836553,0.9999997754193302,0.009009220284630937
29.529529529529537,0.04596500663499992,0.7959417735499956,0.1171926148312734,0.9999997772748314,0.008987515994191978
29.62962962962962,0.04574669351243398,0.7952848109118019,0.11709638868222512,0.9999997784921536,0.008921307519988271
29.729729729729723,0.04552244425262923,0.7946464368659968,0.11700262714479055,0.9999997599314026,0.008814304662646023
29.82982982982984,0.045305461976426015,0.7940493582453642,0.11690932839846806,0.9999997166145679,0.00867295326926347
29.92992992992994,0.04509277875799554,0.7934696034286889,0.116819055148738,0.9999996166016124,0.008496128175290232
30.030030030030044,0.044881848215533975,0.7928851696220625,0.1167341081302467,0.9999994365524213,0.008285613201530186
30.130130130130127,0.04467924406663653,0.7923294311753539,0.11665148449530323,0.9999992369834347,0.008048051270698896
30.23023023023022,0.04448407801360006,0.7917903748643491,0.11657064243842913,0.9999990914325122,0.007793111753204504
30.330330330330348,0.04429242832663256,0.7912571584799556,0.11649377090547584,0.99999903928303,0.007511586313672639
30.430430430430434,0.04411542694227706,0.7907401829583539,0.11641583326093329,0.9999990207996287,0.007224652239409659
30.530530530530537,0.043949335168035016,0.7902441961714585,0.11634670217666639,0.9999989783536992,0.006935963506125565
30.630630630630634,0.0437954645816432,0.7897614041080365,0.11628130600453822,0.9999989303088648,0.006649447151150958
30.73073073073072,0.043647207604248214,0.7892747059223743,0.11622060994253741,0.9999988844613087,0.006358525759783291
30.830830830830855,0.043508209556642426,0.7888114811509607,0.11616649348052274,0.9999989039512928,0.006069563602864075
30.93093093093094,0.043386020139481146,0.7883676832496587,0.11611555922532418,0.9999990805906223,0.005792129138121745
31.031031031031034,0.04327087372361364,0.7879252560835701,0.11606654134086833,0.9999993716354892,0.00552312940408094
31.131131131131127,0.04316246921807441,0.7874848166020594,0.11602333416999855,0.9999996942431271,0.0052663755892480265
31.231231231231213,0.04306603185191838,0.7870478508041503,0.1159836212579553,0.9999997727290616,0.005012212160812297
31.33133133133135,0.04297656238029887,0.7866380910063148,0.11594823968630956,0.999999786747626,0.004775723227693611
31.431431431431434,0.04289393466104243,0.7862244139573635,0.1159171862974813,0.9999997712322093,0.004549555825008923
31.53153153153153,0.042818487239069225,0.7858226362579375,0.11588900060498768,0.9999997334703811,0.004338860393176943
31.631631631631635,0.04275009655198544,0.78542965539076,0.1158623066048826,0.999999652833899,0.004131897230909897
31.73173173173172,0.04269133065865922,0.7850429669653145,0.11583958321025822,0.9999996360645436,0.0039415959751112496
31.83183183183185,0.04263584355906959,0.7846676630346001,0.1158194275488091,0.9999996439591049,0.0037627978355549013
31.931931931931942,0.04258867781305712,0.7843018039463207,0.11580004047699703,0.9999996608919316,0.0035989245176510434
32.03203203203203,0.042543534588347386,0.7839532711903847,0.11578105901490424,0.9999996694188735,0.0034391994562046474
32.13213213213213,0.04250324493561383,0.7836087289757254,0.11576593467475454,0.9999996954868393,0.0032854684759085133
32.23223223223223,0.042465004104471196,0.783282123851414,0.11575426072896779,0.9999997417453845,0.0031303538666667395
32.33233233233234,0.04243165121395808,0.782972716682487,0.1157423366345412,0.9999997800329888,0.002988886500600827
32.43243243243245,0.04240178343240616,0.7826667241724846,0.1157316247905055,0.9999998077842159,0.0028542225571342983
32.53253253253253,0.04237430276666172,0.7823811177201708,0.11572480015701835,0.9999998473760789,0.0027231934890455827
32.63263263263263,0.04235203263352116,0.7821173522686141,0.11571647909878077,0.9999998346316792,0.0026121942491835032
32.73273273273273,0.04233233277861895,0.781870391867116,0.11570996191005643,0.9999998151950282,0.0025034563205956024
32.832832832832835,0.04231276944019531,0.7816355761721379,0.11570330890561446,0.9999997821073758,0.0023991815402240046
32.93293293293294,0.042294675885737466,0.7814134313782237,0.115698551131912,0.9999997497500925,0.0022948789966195653
33.03303303303303,0.04227971563460916,0.7812047408959393,0.1156954379041153,0.9999997461382167,0.0021976725527897735
33.13313313313312,0.042265853602107224,0.7810142509520175,0.11568928795955205,0.9999997261189181,0.002109373843196632
33.23323323323323,0.0422542657299649,0.7808388428281706,0.11568463422757935,0.9999996777529644,0.0020276507140257823
33.33333333333334,0.042244136822293984,0.7806764794830853,0.11567947672021998,0.999999632175185,0.001955344392760291
33.43343343343344,0.042235377298275395,0.7805219241785202,0.11567533434507268,0.9999996532764598,0.0018851430690038987
33.533533533533536,0.04222784702058808,0.7803792117238889,0.11567156144174633,0.9999997428912288,0.001823019968347493
33.633633633633615,0.04221834997243588,0.7802505843605039,0.11566617893558577,0.9999997837965511,0.001760507930159142
33.73373373373372,0.04221161261331412,0.780133369539193,0.11566241528505336,0.9999998039185388,0.0017040487249252705
33.83383383383385,0.04220517472162376,0.7800253947070185,0.11565813211248498,0.9999997782157639,0.0016482021046730169
33.933933933933936,0.04219918301115195,0.779928240068433,0.11565487124534819,0.9999998005416293,0.0015993837006621208
34.03403403403404,0.042195056943192116,0.7798376683067433,0.11565062973741035,0.999999765694595,0.0015587442300456751
34.13413413413412,0.04219094458022146,0.7797585435780003,0.11564616481471687,0.9999996544636498,0.0015217792812113457
34.23423423423425,0.04218683451668916,0.7796865821651364,0.1156425795885098,0.9999995885136745,0.00148551977128434
34.33433433433435,0.042183119251744894,0.7796220269528169,0.11563808390275501,0.99999954973208,0.001452931653323859
34.43443443443443,0.04217998979225154,0.7795641918405071,0.11563322191443882,0.9999995613409524,0.001424864014049089
34.53453453453454,0.042177190180228204,0.7795087715983636,0.11562657573624976,0.9999996834469689,0.0013967925775138171
34.63463463463462,0.0421753855492405,0.7794580379948899,0.11562095609111042,0.9999997295993144,0.001372554224391779
34.73473473473475,0.04217232190500322,0.7794107526054579,0.11561475505114147,0.999999760813995,0.0013480921457043316
34.83483483483486,0.042170579432341114,0.7793708450191225,0.11560748765288781,0.999999715982004,0.0013300726450952661
34.93493493493494,0.042168742915120516,0.7793305420810459,0.1156030397843388,0.9999996857708277,0.0013082020474657436
35.03503503503503,0.042167019416980145,0.7792947777899026,0.11559701114208339,0.9999996974237375,0.0012903405509455297
35.13513513513513,0.04216530221826817,0.7792647713085037,0.11559121736296522,0.9999996445869956,0.0012736627486843362
35.235235235235244,0.04216359075371286,0.7792374302738041,0.11558348022971886,0.9999996144466243,0.0012631272725751313
35.33533533533535,0.04216186795496911,0.7792122161729645,0.11557477142572423,0.9999996017313915,0.0012548126787039757
35.435435435435444,0.04216045714330541,0.7791907509156871,0.1155640179428762,0.999999565677859,0.0012516962871546122
35.53553553553553,0.042159635465361764,0.7791704154204834,0.11555244698360688,0.9999994883631995,0.0012494053801707025
35.63563563563564,0.042159279594702385,0.7791518100740322,0.11554094831741421,0.9999995001986436,0.0012500678656294471
35.735735735735744,0.04215829076006059,0.7791352891110379,0.1155290582089184,0.9999995687518219,0.0012512334830704665
35.835835835835844,0.04215758321676375,0.7791190274465644,0.11551617640671619,0.9999995273335279,0.0012554676119422325
35.935935935935944,0.042156461301705174,0.7791052496608342,0.11550040617565624,0.9999994995649242,0.0012606968330027598
36.03603603603602,0.0421548841628309,0.7790939180956477,0.1154844754565888,0.9999995139486593,0.0012653531988819945
36.13613613613613,0.04215526547174691,0.779081076788812,0.11546739919165847,0.9999996225678071,0.001275701878718707
36.236236236236245,0.042154809246201366,0.7790703873581192,0.11544841270748717,0.9999997438766359,0.001289724385296007
36.336336336336345,0.04215423485640825,0.7790627809623272,0.1154258444480836,0.999999836821835,0.0013114864186249818
36.436436436436445,0.042153483807338375,0.7790554439659889,0.11540254407484503,0.9999998873193497,0.001331412231686145
36.536536536536524,0.042152830152544785,0.7790470238381008,0.11537640834214605,0.9999998767832344,0.0013535769879000762
36.636636636636624,0.042151577594520685,0.7790403024480486,0.11534767457795701,0.9999998734399981,0.0013772153519554214
36.73673673673676,0.042151002802433994,0.7790355277470062,0.11531734100180185,0.9999998764247443,0.001407813469671282
36.83683683683684,0.04215024873303565,0.7790305105504514,0.11528659857941406,0.9999998302762177,0.0014378986354048574
36.93693693693694,0.04214992046766112,0.7790257766447165,0.11525178415896264,0.9999997449516181,0.001471339114249917
37.03703703703704,0.042149372633760215,0.7790213241676497,0.11521733346213153,0.9999996771146792,0.001505032310095041
37.137137137137124,0.042149268240094566,0.779017014763043,0.11518003518088135,0.9999997123565217,0.0015475632488785491
37.23723723723726,0.04214855437639902,0.7790123169546642,0.1151396038547266,0.9999996497857881,0.0015897946266555008
37.33733733733734,0.042148103746408164,0.7790068343684252,0.11509681917653085,0.9999996121556458,0.0016334156219736167
37.43743743743744,0.04214815207472789,0.7790029967148693,0.11505159893438825,0.9999996564579016,0.0016816342516060112
37.53753753753754,0.042147915608348754,0.7789994763162505,0.11500108608428367,0.9999997315191018,0.0017372750901394696
37.63763763763762,0.04214771108873904,0.7789969599671499,0.11494204479133677,0.9999997637000829,0.001805547481115957
37.73773773773775,0.04214683031312841,0.7789951907992836,0.114878260390836,0.999999731990625,0.0018749702793398892
37.83783783783784,0.04214612085932239,0.7789940441290681,0.11481425724341492,0.9999997357479277,0.0019443005233373877
37.93793793793794,0.042146056922060395,0.7789919407760124,0.11474719061291075,0.9999997676332857,0.00201953827058712
38.03803803803804,0.04214561579084321,0.7789899479579768,0.11467101371218189,0.9999997759270995,0.0021027061403919053
38.13813813813812,0.04214546231497188,0.7789876861034525,0.11459650993828259,0.9999997177063242,0.00218083864459632
38.23823823823825,0.04214506867320969,0.7789863471402486,0.11451461190604083,0.999999625274167,0.0022673251574479
38.33833833833835,0.042144615368504966,0.7789847513245072,0.11442229696174348,0.9999995774876871,0.002362757264361364
38.43843843843843,0.042144175896059975,0.7789836375816123,0.11432715994360762,0.9999995332093623,0.002460122607079842
38.53853853853853,0.04214382746755112,0.77898284735268,0.11422442761962476,0.9999996117464679,0.002565087281640061
38.63863863863863,0.042143595438139066,0.7789812684378866,0.11411533051559575,0.9999996671239952,0.002671886662170349
38.738738738738746,0.042143092428939974,0.7789801643984954,0.11400308594563141,0.9999995909150141,0.0027769224907571205
38.83883883883885,0.042142941359311736,0.7789796303122413,0.11388028967554172,0.9999995516356887,0.0028933498062892224
38.93893893893893,0.04214230749584177,0.7789793529124848,0.11375892889472308,0.9999995900262089,0.003001599304860349
39.03903903903903,0.04214191904495679,0.778978993374713,0.11362584386356296,0.9999996084736097,0.0031155479060885473
39.13913913913913,0.04214102983441894,0.7789782051173558,0.1134821010237871,0.9999996155115582,0.003229810256455506
39.23923923923924,0.04214076661569734,0.7789769057969069,0.11334184685669586,0.9999996548866364,0.00333907942557094
39.33933933933935,0.0421402044226764,0.7789762379038525,0.11318528146881154,0.999999629199657,0.0034545974894949847
39.43943943943943,0.04213940047841296,0.7789760561074426,0.11302331125928512,0.9999995746938057,0.0035672321533030283
39.539539539539525,0.042138981219999934,0.7789752020665777,0.11286061821525382,0.9999995974546022,0.0036741909773715183
39.63963963963963,0.04213862486832093,0.7789745324011027,0.11268042659706123,0.9999996061764423,0.003785480519234934
39.73973973973975,0.042138255828931874,0.7789739720908433,0.11249669221082445,0.9999996441918917,0.0038898502131088854
39.83983983983985,0.04213759247863325,0.7789735164538102,0.1123121635479897,0.9999995890456148,0.003983886049469781
39.93993993993994,0.04213716418948813,0.7789723932164531,0.1121209040062981,0.9999995795209005,0.004070179252360716
40.04004004004002,0.04213715687638306,0.7789711342468486,0.11192365231252008,0.9999995784860252,0.004148305229713639
40.140140140140126,0.042136803120478156,0.7789703220457854,0.11171201910075587,0.9999995797724508,0.004222094644773216
40.240240240240254,0.042136669638047,0.7789701725004595,0.11149525521881781,0.9999996681675154,0.004288416872591832
40.34034034034034,0.04213632225339651,0.7789698550717823,0.11127782763054715,0.9999997625413064,0.004339897018919295
40.44044044044045,0.04213574225444281,0.7789687676465444,0.11106931091153975,0.9999997414657473,0.00437360379784297
40.540540540540526,0.042135566294744145,0.7789684532856875,0.11085056125261965,0.9999997466764171,0.00439767991178215
40.640640640640626,0.04213529068752586,0.7789680064001676,0.11063337957220094,0.999999836072646,0.004408814950096148
40.740740740740755,0.042134829931645155,0.7789681524401842,0.11041694963177727,0.9999998209528979,0.004407994362638422
40.84084084084083,0.042134261070546145,0.7789682581587508,0.11020204763434904,0.9999997955669492,0.004392462513025693
40.94094094094094,0.042133979095660405,0.7789677288067247,0.10998821733967458,0.9999997998850115,0.004365057279869884
41.04104104104103,0.042133762921020786,0.7789669175932271,0.1097668325340748,0.9999997993830576,0.004320901470069666
41.141141141141155,0.04213331529309571,0.7789661691056025,0.10954748875484098,0.9999997912958858,0.00426258821246342
41.24124124124126,0.04213306765249917,0.7789657387152947,0.10933386607626976,0.9999997806340188,0.004194879196767529
41.34134134134134,0.04213277835258044,0.7789648428730783,0.10912741566926586,0.9999997738851295,0.004115067960140065
41.441441441441434,0.04213235380722458,0.7789649888670849,0.10892151588684423,0.9999997432611432,0.004026119774881809
41.541541541541534,0.0421319794571825,0.7789640820541356,0.10872182087816092,0.9999997235935948,0.0039249769599050445
41.64164164164165,0.042131769528916556,0.7789638896586334,0.10853241502705642,0.999999665714913,0.003822569401213387
41.741741741741755,0.04213149365567397,0.7789631534017892,0.10834432881983343,0.9999997036722436,0.003707813518403912
41.84184184184185,0.04213134581247081,0.7789620336825406,0.10816230091877474,0.9999996730478319,0.0035867481765156873
41.941941941941934,0.04213115296100477,0.7789606834457472,0.107991292711255,0.999999671257462,0.003463267013451636
42.04204204204204,0.042130970860604126,0.7789600317267653,0.10782464151039373,0.9999997426637875,0.0033394048416649077
42.14214214214215,0.04213081456283837,0.7789589285099119,0.10766805147759365,0.9999997383223851,0.00321270260142499
42.24224224224225,0.04213075941064319,0.7789576951717867,0.10751642251537095,0.9999996712098725,0.0030829269163882814
42.34234234234235,0.04213057426734791,0.7789567284340487,0.10736933477025544,0.9999995288087301,0.0029532855390690354
42.44244244244243,0.04213045863838328,0.7789554203597044,0.10722812680414949,0.9999995672317863,0.0028227538477491715
42.542542542542535,0.04213002340960719,0.7789543364338761,0.10709485499208517,0.9999996249144508,0.0026925192893817083
42.64264264264265,0.04213009939417737,0.7789526615595826,0.10697185245138514,0.9999996344937094,0.0025675183199010457
42.74274274274275,0.04213002133070811,0.7789518849253275,0.10685410905597963,0.9999996057292259,0.0024463036371372934
42.84284284284285,0.04212989102407998,0.7789502925747862,0.10673977109931784,0.999999616263441,0.0023219040569379483
42.94294294294295,0.042129528977253625,0.7789491004887953,0.10663552930722839,0.9999996498296625,0.002206757896228614
43.043043043043035,0.042129066646643246,0.7789487118741891,0.10653671092750411,0.9999995791575061,0.0020955250950534846
43.14314314314316,0.0421287504746386,0.7789476393080846,0.10644305415602531,0.999999530990984,0.001985798640729114
43.24324324324325,0.04212856164520201,0.7789452438347315,0.10635529590279667,0.9999995544263992,0.0018771915196260896
43.34334334334334,0.042128226150716395,0.7789436250970871,0.10627295273964814,0.9999996073887109,0.0017754640165922359
43.44344344344345,0.04212767835972114,0.7789411487528725,0.1061943621175512,0.9999996439397782,0.0016725336622370923
43.543543543543535,0.04212719898891835,0.7789387969304269,0.10612104879047418,0.9999996263296848,0.0015752437682204606
43.64364364364366,0.04212687620830393,0.7789369129888533,0.10605649416299485,0.9999995545658896,0.0014874283833481111
43.74374374374375,0.042126203016849086,0.7789347052802541,0.10599375976256892,0.9999996045436625,0.0014024647033956553
43.84384384384386,0.04212568139846882,0.7789329610243182,0.1059379095542622,0.9999996079008047,0.0013259410869030223
43.94394394394396,0.04212507820501394,0.7789304026490274,0.1058841102969861,0.9999996159112563,0.001251285863623785
44.044044044044036,0.04212473835289101,0.7789280798823558,0.10583433982929216,0.9999996167300298,0.0011850021568097324
44.14414414414415,0.042124513215453116,0.7789251588865239,0.10578876310582914,0.9999996778394422,0.0011204264685484029
44.244244244244264,0.04212429119277175,0.7789228588461332,0.10574628545150258,0.9999997262427889,0.0010632293583760694
44.34434434434435,0.04212426830374376,0.7789196136562982,0.1057064426494554,0.9999997026920563,0.0010051795113676122
44.44444444444445,0.042124060522566294,0.7789163673780313,0.10567124704243565,0.999999567212393,0.0009559719578653668
44.54454454454456,0.04212358555973712,0.7789128979649648,0.10563924573044563,0.9999994767920393,0.0009095515693212065
44.64464464464464,0.04212347145048162,0.7789089242510742,0.10560706411869139,0.9999994622385047,0.0008620097597642866
44.744744744744764,0.04212315687256331,0.778904533988713,0.10557916776870545,0.9999996009588431,0.0008212438743879875
44.84484484484485,0.04212300822766141,0.7789001743719205,0.10555378560603074,0.9999996431554712,0.0007808449832374996
44.94494494494494,0.04212275693231225,0.7788955371577615,0.10552858759364221,0.9999996101445017,0.0007416536652032352
45.04504504504507,0.042122284856392196,0.7788901606335358,0.10550709043755778,0.9999996305899822,0.0007056165857416486
45.14514514514513,0.042122000376709115,0.7788855093032298,0.10548694015640071,0.9999996863002096,0.0006756878600793923
45.24524524524526,0.04212153039541391,0.7788802831822824,0.10546753466687268,0.9999997270496632,0.0006450160184448511
45.345345345345365,0.042121210055088266,0.7788739502067146,0.10545020714529457,0.9999997380262609,0.0006170013308205886
45.44544544544544,0.04212124941674651,0.7788680621363481,0.10543363917664114,0.9999997298246219,0.0005943677658763226
45.54554554554557,0.04212092752218359,0.7788604764539976,0.10541742326331628,0.9999997001851507,0.0005734042015770691
45.64564564564562,0.042120764462885416,0.7788537479294634,0.10540180822866906,0.9999996753864342,0.000550791122224812
45.74574574574575,0.04212042139449781,0.7788460981914103,0.10538829806799645,0.9999997140149196,0.0005304542806579511
45.845845845845886,0.04211997622033549,0.778835519625882,0.10537706302862045,0.9999997366157566,0.0005156351351479731
45.94594594594594,0.042119403215031395,0.7788254826077846,0.10536511820806357,0.9999998132341342,0.0004992484019650347
46.046046046046065,0.04211875724234527,0.7788161289195696,0.10535396373204435,0.9999997899589522,0.0004848560748913314
46.14614614614614,0.04211822912823192,0.7788042727712595,0.10534328771676925,0.9999995986929826,0.00047101422318217734
46.24624624624625,0.042118003622012866,0.7787930126583175,0.1053351440053857,0.9999994526331248,0.00046147265399817337
46.34634634634639,0.042117664764099116,0.7787816853704458,0.1053266563393031,0.9999994427108625,0.0004520166526941548
46.44644644644643,0.04211698568475489,0.7787697279878556,0.10532007661324386,0.9999993840546797,0.0004415488152084584
46.546546546546566,0.04211623924894909,0.7787576905383279,0.10531286751426419,0.99999933801245,0.0004295054343390973
46.64664664664664,0.04211569257832793,0.7787461099671493,0.10530652002907276,0.9999992843862066,0.0004215414420310605
46.746746746746744,0.042115402818573226,0.7787290684703942,0.10530137369117017,0.9999992899547827,0.0004155403359275563
46.84684684684688,0.04211495735951014,0.7787115792924757,0.10529590362156428,0.9999993091131286,0.00040857252120344055
46.94694694694694,0.04211449305756012,0.7786924763560396,0.10529130722456768,0.9999993339140404,0.0004028936774815462
47.04704704704707,0.042114135435587494,0.7786744363339936,0.10528684618545815,0.9999993117583545,0.0003966225402449114
47.14714714714713,0.04211375052405396,0.7786555850466702,0.10528285834780415,0.9999993115822424,0.00039438252927821526
47.24724724724725,0.04211325697158589,0.7786319826559672,0.1052784498960046,0.9999993973054287,0.00039524611627120895
47.34734734734739,0.042112734688311684,0.7786107599772161,0.1052753293687029,0.9999995868241093,0.0003950632489333317
47.447447447447445,0.04211253804945673,0.7785898906531405,0.10527249349798314,0.9999997629891659,0.0003942396661882672
47.547547547547566,0.042112321608970486,0.7785654794954476,0.10526971908902949,0.9999997847275001,0.0003952380148820904
47.647647647647624,0.04211198714260861,0.7785400527900453,0.10526699824643311,0.9999997057682458,0.0003953093068457342
47.74774774774776,0.04211128269695897,0.7785124779679334,0.10526517561251757,0.9999996826912361,0.000395598842514832
47.84784784784788,0.042110416169121215,0.7784830518532079,0.10526323169887415,0.9999996605986508,0.00039949370453349264
47.94794794794795,0.04210942614780479,0.7784525807651389,0.10526162270875616,0.9999996570174132,0.0004011032118506537
48.04804804804806,0.04210883562699721,0.7784221487074507,0.10526060840442461,0.9999996915667059,0.0004042663873114722
48.148148148148124,0.04210802378791572,0.7783845869188313,0.10525940075446212,0.999999774449095,0.00040824483232932036
48.24824824824827,0.04210748901374134,0.7783473947910481,0.10525734533522949,0.9999998054729085,0.00041437338636334583
48.348348348348374,0.04210678414823514,0.7783026673700351,0.10525637657944607,0.9999997854936303,0.00042262172862935865
48.448448448448445,0.04210601870844809,0.7782576730337075,0.10525582013157529,0.999999768701285,0.00043152400331535523
48.54854854854856,0.042105211576864005,0.7782087951169483,0.10525500033432585,0.9999997819966296,0.00043996635988862283
48.64864864864863,0.042104570647471924,0.7781615099322505,0.10525406496461165,0.9999997731600468,0.00044929229267030515
48.74874874874876,0.042103990515196296,0.7781109068023504,0.1052527224620892,0.9999997307623509,0.00046022457993492475
48.848848848848874,0.042103325697461676,0.7780574093557058,0.10525152752791836,0.9999997702142523,0.0004727256069486518
48.94894894894894,0.04210263592685783,0.7779983463311747,0.10525142692587652,0.9999998076596562,0.0004834346466914644
49.049049049049074,0.04210152451783046,0.7779360236903237,0.10525123834875384,0.999999807294187,0.000494506405282053
49.149149149149125,0.04210020288790939,0.7778771621594436,0.10525043225024987,0.9999997994101271,0.0005082562293581801
49.24924924924925,0.042098755051534056,0.7778130742012753,0.10524947553665635,0.999999778547797,0.000521551403379304
49.34934934934939,0.04209756692357714,0.7777413867186971,0.10524894761100537,0.9999997189568346,0.0005356830372016807
49.44944944944944,0.042096615776836634,0.7776688274783756,0.10524825343642488,0.9999996803324742,0.0005497856180318245
49.549549549549575,0.04209560145731187,0.7775905647057767,0.10524809736939933,0.9999996820800048,0.0005639690547099877
49.64964964964962,0.042093890343744146,0.777511084119874,0.10524761900254327,0.9999997295175879,0.000582188112758497
49.74974974974975,0.042092116445979384,0.7774277486508767,0.10524777944590201,0.999999781828403,0.0006014002975752592
49.84984984984989,0.042090993097412814,0.7773354705177578,0.10524772332901365,0.9999998037547745,0.0006209420028387213
49.94994994994993,0.042088920180422255,0.7772431907531998,0.1052477732106858,0.9999997849770602,0.0006382219586487306
50.05005005005007,0.042087200163592756,0.7771414787140881,0.1052473492201,0.9999997838077213,0.0006577045157101047
50.15015015015012,0.04208508558175822,0.7770402512586055,0.1052470715947605,0.9999997395969508,0.0006788802215114181
50.250250250250254,0.04208401693036159,0.7769271217960784,0.10524683451684369,0.9999996793204028,0.0007001708700903513
50.35035035035038,0.04208149218856018,0.7768169672622903,0.10524697345036925,0.9999996621048515,0.000721282816689609
50.45045045045043,0.04207901996190545,0.7767015358943712,0.10524654864435457,0.9999996424211092,0.0007446800473284631
50.55055055055057,0.042076863582884774,0.7765765374007331,0.1052468919190084,0.9999996600248539,0.0007639511644328901
50.65065065065063,0.04207558316065253,0.7764442838616225,0.10524695874338161,0.9999996602075857,0.0007844162175589078
50.75075075075075,0.04207350509136558,0.7763099258646937,0.10524664199977733,0.9999995955341192,0.0008073774010048583
50.850850850850875,0.04207018198316228,0.776177427176383,0.10524673050211619,0.9999994841375827,0.0008290223785667039
50.95095095095095,0.04206614727181337,0.7760372899345799,0.1052470035735022,0.9999993691508634,0.0008534759327642153
51.05105105105106,0.042063466542618264,0.7758927594923535,0.1052470229673462,0.9999993813916247,0.0008751036991547017
51.15115115115113,0.042060465783613964,0.7757459746149001,0.1052467794003827,0.999999445470014,0.0008988351014294386
51.25125125125124,0.04205772175016276,0.7755896215087407,0.1052467628238988,0.9999995477531385,0.0009200952815334981
51.35135135135138,0.04205435916272767,0.7754346111793671,0.10524697676044494,0.999999569549648,0.000939182048366614
51.45145145145145,0.04205079999908349,0.7752802640433548,0.10524669359834056,0.99999955872088,0.0009618515595419915
51.55155155155157,0.0420491451492554,0.7751152093256207,0.10524707683964143,0.9999995795579684,0.0009781944077195744
51.65165165165162,0.042045834272347836,0.7749441658105783,0.10524730899365316,0.9999996453383174,0.00099652600557825
51.75175175175173,0.04204081098213565,0.7747819250327458,0.10524761987115146,0.9999997003692157,0.0010140462088482729
51.85185185185188,0.04203658536925939,0.7746105625589694,0.10524755313391378,0.9999997070155509,0.0010312228831056258
51.95195195195194,0.04203218702125338,0.7744409204336729,0.10524767760768956,0.9999997140614194,0.0010467609505727287
52.05205205205206,0.04202749598028788,0.7742614249298337,0.10524767810217552,0.99999981084589,0.0010609233802921724
52.15215215215212,0.042022148396535744,0.7740842962029072,0.10524780750466352,0.9999998556667742,0.0010760004873487878
52.252252252252255,0.04201712312591852,0.7739007262039286,0.10524790218052363,0.9999998296576924,0.001090236222102102
52.352352352352376,0.042012309422083303,0.7737197145635824,0.10524828527593484,0.9999997079713874,0.0010997303927872955
52.452452452452434,0.04200596910280874,0.7735399687191107,0.1052482655742096,0.9999996020638137,0.0011120746015430187
52.552552552552584,0.04199969984462152,0.7733657081732781,0.10524810801751074,0.9999995763106423,0.001122593550762618
52.652652652652634,0.04199467590605553,0.7731922794241061,0.10524848149371648,0.9999996507622996,0.001126385673956832
52.75275275275275,0.04198688409453445,0.7730140044911512,0.1052485426913976,0.999999826930152,0.0011357550246255737
52.85285285285287,0.041979795549341475,0.7728400908321591,0.10524840370885241,0.9999998007742863,0.0011438812630984682
52.95295295295294,0.04197093919512885,0.7726703232192214,0.10524854355604493,0.9999997684489568,0.0011525291576178491
53.05305305305308,0.04196306144959305,0.7724949417209553,0.10524877165651506,0.9999997337347659,0.0011560217469014401
53.15315315315313,0.04195316201796021,0.7723266212938895,0.1052490993380294,0.9999996539958129,0.0011619688825267246
53.25325325325324,0.04194446913462251,0.7721636421388527,0.10524913524266066,0.9999996123242463,0.0011661902653759034
53.35335335335336,0.041934182697860506,0.7720019579686942,0.10524933718864782,0.9999996654400171,0.0011725654356816845
53.45345345345344,0.04192344270348135,0.7718435304656723,0.10524988279777994,0.9999997422478132,0.0011777522412428467
53.55355355355357,0.041912617970795554,0.7716909134851796,0.10525002657923099,0.9999997229290992,0.0011832603296239347
53.65365365365362,0.04190057344136809,0.7715370610975234,0.10525008470042867,0.9999996977513976,0.0011898501980817352
53.753753753753756,0.041889200849286004,0.7713960610180167,0.10525010625592411,0.9999996953680974,0.001195941956170235
53.853853853853884,0.04187550273587803,0.771247358514445,0.10525048901538171,0.999999674586861,0.001203920034648818
53.953953953953935,0.04186273797282628,0.7711076477759369,0.10525071401600489,0.9999996473732369,0.0012109013008342869
54.05405405405406,0.04184735059133887,0.7709738916404884,0.1052508386415582,0.9999996763028761,0.0012237387368378171
54.15415415415414,0.041833016511795496,0.77084605444782,0.10525094242363547,0.9999997017124994,0.0012341186926833549
54.254254254254256,0.041817979933877,0.7707276061411339,0.10525120749913185,0.9999997094690231,0.0012454401616237229
54.35435435435438,0.04180269234467766,0.7706067577509246,0.105251519625589,0.9999997473094725,0.0012558570946143276
54.45445445445443,0.04178576849467347,0.7704899101136421,0.1052514406307939,0.9999998023144191,0.0012710123721259388
54.554554554554564,0.041769407675291394,0.7703813065263098,0.10525168174303613,0.9999998356709217,0.0012842534521716714
54.654654654654635,0.04174770220871764,0.770272806384979,0.1052518069854013,0.9999998206834961,0.0013082716436240093
54.75475475475475,0.04172721182134338,0.7701739126692597,0.10525182520615968,0.9999997492836066,0.0013315634637850668
54.85485485485487,0.04170649336190395,0.7700760970747159,0.10525205192991095,0.9999997206366412,0.0013541121635576826
54.95495495495492,0.04168389156691496,0.7699825498598291,0.10525225510289862,0.9999996985635184,0.0013807505280467446
55.05505505505507,0.04165893804629376,0.7698934705976466,0.1052524754592726,0.9999996940400911,0.0014134778877520728
55.15515515515513,0.04163332506060019,0.7698033672809539,0.10525267930637401,0.9999996662561438,0.0014471208747708338
55.25525525525524,0.04160678304253363,0.7697216803862146,0.10525270824122405,0.9999996601082776,0.0014840660357772028
55.35535535535537,0.04157771679592247,0.7696458667023593,0.1052527604619457,0.9999996499083164,0.001526286095666444
55.45545545545544,0.041548345404896644,0.7695715950637904,0.10525279741376524,0.99999961576856,0.0015684393284255088
55.555555555555564,0.041517882453354873,0.7694996389255362,0.10525300878747933,0.999999578415957,0.0016116476841026633
55.65565565565562,0.04148253501186548,0.7694332042516718,0.10525313971189831,0.999999489749186,0.0016648156100806122
55.755755755755764,0.04144703109649137,0.7693732086352323,0.1052532412027498,0.9999995203549337,0.0017188535341779063
55.855855855855886,0.041413855193869746,0.7693114433800645,0.10525330961945961,0.9999996051224972,0.0017679270835776776
55.955955955955936,0.04137721573372692,0.7692525429510383,0.1052536215641669,0.9999997149589014,0.0018231357822103545
56.05605605605606,0.041336352861333275,0.76919878234178,0.10525348146271979,0.9999997288970253,0.0018889283472064231
56.15615615615612,0.04129574715571182,0.7691455513283079,0.105253702055418,0.9999997275482311,0.0019531018635011409
56.25625625625626,0.04125175419046103,0.7690947770055535,0.10525391539028899,0.9999996875540947,0.002023437899768356
56.35635635635638,0.041203656085349996,0.7690499416892874,0.10525399453677184,0.9999996757514891,0.002101189947408727
56.45645645645643,0.04115760081434274,0.7690074686809335,0.10525404825282378,0.9999996762890152,0.002175320470463859
56.55655655655655,0.04110983730985488,0.7689667709791269,0.10525414439394744,0.999999654768861,0.0022522095245983316
56.65665665665669,0.04105379177894628,0.7689276077783797,0.10525435814435488,0.9999996283927,0.0023424639758316003
56.75675675675675,0.04099552693706793,0.7688914131620839,0.10525474237645006,0.9999996606123214,0.0024354380405111043
56.85685685685687,0.04093583250351145,0.7688586059683311,0.10525507109024315,0.9999996965248389,0.0025304645191573244
56.95695695695692,0.04087536738891251,0.7688275788675367,0.10525488600950882,0.9999996725284238,0.0026272491440096934
57.05705705705706,0.04081264787522943,0.7687981006100719,0.1052551326278936,0.999999616216139,0.0027256336134753446
57.15715715715719,0.040748315108012266,0.7687678728516397,0.10525529950116619,0.9999996168697224,0.002825430867946697
57.257257257257244,0.04067868775031233,0.7687399016564662,0.10525543537633156,0.9999996155461305,0.0029320816084554215
57.357357357357394,0.04060922170222432,0.7687114878239963,0.1052555046918747,0.9999994642913796,0.00303773550561083
57.457457457457444,0.04053578770854347,0.7686855219221367,0.1052558458277532,0.9999993186507048,0.0031476402800458114
57.557557557557566,0.04045964341277003,0.7686595876650361,0.1052560860996352,0.9999993727155669,0.003259961745129673
57.65765765765768,0.04037707777931199,0.7686358011391003,0.10525608877828681,0.9999994724470865,0.003380020427160111
57.75775775775775,0.040293942341067104,0.7686126907944787,0.1052560977641132,0.9999995935376216,0.003498228772103611
57.85785785785789,0.04020282455404664,0.7685891664303367,0.1052563181930478,0.9999996702795909,0.0036242713499755443
57.95795795795794,0.04011186735296654,0.7685672035219149,0.10525642396406341,0.9999996910268784,0.003747335777517561
58.05805805805806,0.0400154882755184,0.768545189336065,0.10525645976601071,0.9999996703577558,0.0038744688769326765
58.15815815815817,0.03992095106459517,0.7685239349200109,0.10525649784141028,0.9999996334450332,0.003996205350017716
58.25825825825825,0.039822923583593316,0.7685060166740354,0.10525665056109224,0.9999995294266814,0.004119805355991302
58.35835835835838,0.039720321479853445,0.7684860668088012,0.1052568675499045,0.9999994591936245,0.004244947692673477
58.45845845845844,0.0396159222036292,0.7684684642397144,0.10525701359472774,0.9999994136185035,0.004367455856269299
58.55855855855858,0.03950478318844304,0.7684520274310417,0.1052570439983578,0.9999994464605052,0.004493665736069874
58.65865865865869,0.03939257218618298,0.768434334039074,0.10525697939973555,0.9999994462983014,0.0046156872224428795
58.758758758758745,0.039277124014632216,0.7684152469057001,0.10525686989101557,0.9999994231514016,0.004735799598865658
58.85885885885887,0.039153230783164426,0.7683989232485294,0.10525669962916605,0.9999993916279046,0.004859824121479451
58.95895895895895,0.039032036586058125,0.768381072292306,0.10525686067885741,0.999999427004459,0.004973761409797849
59.059059059059074,0.03890637369045858,0.7683652264809439,0.10525718261415624,0.999999472379501,0.005085923710592358
59.15915915915919,0.03878238206798027,0.7683490665791056,0.10525726058180555,0.9999994396800329,0.005191155272036892
59.25925925925924,0.038652014571228334,0.7683306759420041,0.10525726587845961,0.9999994070965752,0.005295657521067965
59.359359359359374,0.038521246341286765,0.7683135978321487,0.1052573319418108,0.9999995741975286,0.005392547700192182
59.459459459459445,0.03838621649708451,0.7682982249916486,0.10525750309457044,0.9999996373266846,0.005483371858181106
59.55955955955957,0.038252601634309366,0.7682811697893107,0.10525775801079117,0.9999995752785741,0.005566801888187746
59.65965965965968,0.03811049130480858,0.7682648369477674,0.10525788594648447,0.9999994937663623,0.005647720005995536
59.75975975975973,0.03796932416027648,0.768247058143745,0.10525796000584121,0.9999995281972321,0.00572087776713663
59.85985985985988,0.03782760021776881,0.7682308859347724,0.10525807524070496,0.9999996236204903,0.005784890795642445
59.95995995995994,0.03768505780253057,0.7682144376504021,0.1052581875390728,0.9999996892082376,0.005841388721903068
60.06006006006009,0.03753957792257641,0.7681989164533727,0.10525816529878557,0.9999996905319644,0.005889799164240814
60.1601601601602,0.0373917878528579,0.7681813817266349,0.10525821596335415,0.9999996833073471,0.005930592737252921
60.26026026026025,0.03725343192294108,0.7681633024695308,0.10525827747890826,0.9999997271475812,0.005960790390509603
60.360360360360374,0.03710373230940838,0.7681430369331079,0.10525826327207052,0.9999997552199881,0.005985148555189896
60.46046046046044,0.03695495640511978,0.768124274642978,0.10525830111568571,0.9999997437322333,0.0059996937650591995
60.56056056056058,0.036806947514715395,0.7681050093952615,0.10525832723733931,0.999999735102858,0.0060047152917946855
60.660660660660696,0.03665882093921432,0.7680845372230327,0.1052583165488102,0.9999996903680429,0.0060015922463223055
60.760760760760746,0.0365090121022593,0.7680649681735742,0.10525855536577416,0.9999996815022265,0.005988108474809085
60.86086086086087,0.036365903263558305,0.7680427631386167,0.10525875518459443,0.9999997265319299,0.005966642816164396
60.960960960960946,0.03622140648609231,0.7680204473144482,0.10525880242894417,0.9999997908588474,0.005936967387218055
61.061061061061075,0.036079374328056,0.7679976467217762,0.1052588550916037,0.9999997984511336,0.005899665706538234
61.161161161161196,0.0359388494036401,0.7679746893761628,0.10525882331992907,0.9999997540335135,0.005855052760149268
61.26126126126127,0.03579571190794718,0.7679480757587307,0.10525905577404467,0.9999997750118585,0.005800697178087511
61.361361361361375,0.03565153667277516,0.7679229327941443,0.10525915504879822,0.9999998091218769,0.005737550064983531
61.46146146146144,0.03550975921732283,0.7678987924365711,0.10525907329530695,0.9999998232723935,0.005667543876065996
61.56156156156157,0.03537244642720676,0.7678704676823299,0.10525912096025493,0.9999998223888737,0.005592499867211744
61.66166166166171,0.03523920523712612,0.7678392267189876,0.10525929627822458,0.9999997998708839,0.005512606199156223
61.76176176176176,0.035108110240970374,0.7678112432182035,0.10525934636170588,0.9999997935888841,0.005426645945547013
61.86186186186188,0.0349731104538304,0.7677814313931188,0.10525942090127684,0.9999998077719455,0.0053302677295985704
61.96196196196193,0.03485021421590883,0.7677471091803348,0.10525954028678548,0.9999997976143751,0.00523756795077483
62.06206206206207,0.03472896709651845,0.7677146139626827,0.10525962229669052,0.9999997167482955,0.005140070352303919
62.162162162162204,0.03460699842909868,0.767678961617489,0.10525967595329153,0.9999996718388976,0.005037123957323382
62.262262262262254,0.0344851400117516,0.7676412401683311,0.10525968693719277,0.9999996643443222,0.004928210581346566
62.362362362362376,0.034367462912965094,0.7676016942761228,0.10525969754619935,0.9999996701770201,0.004817169351921818
62.462462462462426,0.03425661877802917,0.7675599485935685,0.10525970889390913,0.99999973390492,0.004707945805073108
62.56256256256257,0.034148167442355465,0.7675166637555646,0.10525972562035116,0.9999997739287729,0.004596687180599198
62.6626626626627,0.03404569443124345,0.7674738584827175,0.10525973153583695,0.9999997502296292,0.00448741442802778
62.76276276276276,0.03393725346881309,0.7674261244899554,0.10525972184928525,0.999999734453575,0.004367736373333821
62.86286286286287,0.03384197299570009,0.7673765965193751,0.1052597049017154,0.9999997248468858,0.004260167905264125
62.96296296296294,0.0337420661207151,0.7673251201048933,0.10525971665333661,0.9999997379065093,0.004143154028091948
63.06306306306306,0.03364314713637694,0.7672712621384358,0.10525982507834478,0.9999997669575866,0.004023697023478132
63.16316316316319,0.03355514210288541,0.7672142375579409,0.10525991187216588,0.999999763842418,0.003916219254184081
63.26326326326327,0.03346825569357787,0.7671578585074349,0.1052599980037422,0.9999997430242958,0.0038069423961541184
63.36336336336339,0.03338136352393881,0.7671033135880745,0.1052600440317765,0.9999997326858165,0.0036938915594918265
63.46346346346344,0.03329912285497414,0.7670404016092083,0.10526004547075762,0.9999997135942434,0.0035869564565731847
63.563563563563555,0.033221197609735936,0.7669777538031068,0.10526007008121162,0.9999997152186569,0.003483300111200491
63.6636636636637,0.03314303129431515,0.7669125466017479,0.10526012812667741,0.9999997382955401,0.003376864039640698
63.76376376376376,0.03306695451238005,0.7668406871963142,0.10526019176210571,0.9999997310173804,0.0032727036393918373
63.863863863863884,0.0329963177310353,0.7667706994073239,0.10526023227747011,0.9999997161390934,0.00317472268594034
63.963963963963934,0.03292806864897815,0.7666957280091623,0.105260236075034,0.9999996837144142,0.003079577868015777
64.06406406406406,0.032863317033729134,0.7666235060761692,0.1052602358316745,0.9999996547170352,0.002987264532748148
64.16416416416419,0.03279963056281485,0.7665454782142722,0.10526023316725902,0.9999996823724447,0.0028961200486431657
64.26426426426426,0.032741308652270304,0.7664571252259933,0.10526021919250031,0.9999997372289511,0.0028147044832208313
64.36436436436439,0.03268141634564904,0.766368271935571,0.10526020679043603,0.9999996961033787,0.0027289359747630355
64.46446446446446,0.03262683318452611,0.7662801675885583,0.10526023797058034,0.9999993936943079,0.002650657824160877
64.56456456456455,0.032574388702028084,0.7661870739575517,0.10526028747820965,0.9999990882366976,0.002575956529179662
64.66466466466468,0.03252366157480328,0.7660864623989128,0.10526029728208576,0.9999988472515616,0.0025048006616863886
64.76476476476475,0.03247759191134611,0.765986140341009,0.10526025875119661,0.9999987529958348,0.002440906079082523
64.8648648648649,0.03243117840521665,0.765880766311491,0.10526018880550773,0.9999987373840827,0.0023764061723303424
64.96496496496495,0.03238861370721534,0.7657766437578889,0.1052601329492207,0.9999987681826213,0.0023174790970229503
65.06506506506506,0.03234347087844221,0.7656706718389924,0.10526013837952372,0.999998846994153,0.0022526307533026315
65.16516516516518,0.03230445837130091,0.7655504675528058,0.10526008170575991,0.9999990382851817,0.0022008778648724115
65.26526526526526,0.03226688299716041,0.7654290604020048,0.10526004668486133,0.9999992457961835,0.0021512432119242197
65.36536536536539,0.03223433120642009,0.7653036167307572,0.10526010466129918,0.9999992914380746,0.0021112810025389435
65.46546546546546,0.03220006383143594,0.765177926807005,0.10526020104382676,0.999999498711403,0.0020663806060447765
65.56556556556555,0.03216689601533921,0.765034712702378,0.10526029621946151,0.9999995762240721,0.0020261169661964754
65.66566566566567,0.032134508625884864,0.764900338362683,0.10526030717532901,0.999999591808448,0.0019851899151514065
65.76576576576575,0.03210765208250105,0.7647566210215911,0.10526028371890032,0.9999996102813481,0.0019559212727778756
65.86586586586589,0.03208280684765479,0.7646139561953836,0.10526029323586077,0.9999996871457459,0.0019293759324440075
65.96596596596595,0.03205658606426387,0.7644613242183393,0.10526030540740268,0.9999997028353672,0.0019006850906738639
66.06606606606606,0.032029986294669556,0.7643067596849153,0.10526032830894948,0.9999997379936302,0.0018700125759020594
66.16616616616616,0.03200562078869588,0.7641500516693405,0.10526029157937349,0.9999997040857828,0.001844247880743768
66.26626626626624,0.03198347511630687,0.763994340640263,0.10526024118941528,0.9999996813514853,0.0018216859101417824
66.36636636636638,0.031962626295004515,0.7638286751584055,0.1052602093263925,0.9999996853429738,0.0018023901071389876
66.46646646646646,0.03194322510236965,0.7636610040917392,0.10526017585635,0.9999997441791363,0.0017859201607179445
66.56656656656655,0.031924303790022056,0.763483067602687,0.10526013659283563,0.9999997527575226,0.0017705452127135307
66.66666666666669,0.03190488863380423,0.7633050505780803,0.10526010234026013,0.9999997192304555,0.0017530928803371668
66.76676676676674,0.03188615504017459,0.7631234696321201,0.1052600485515264,0.9999997710095815,0.0017367406266880802
66.86686686686689,0.03187092004064999,0.762940171512948,0.1052599788163247,0.9999997838462173,0.0017267914482041271
66.96696696696695,0.03185515793689533,0.7627565036668466,0.10525989439751464,0.9999997647033849,0.0017145432210869639
67.06706706706707,0.03184106453073355,0.7625611315122354,0.10525985869925834,0.9999997205223731,0.0017065788070476063
67.16716716716718,0.031827524274168885,0.7623656078975151,0.10525979336627622,0.9999996611033557,0.0016985239641977383
67.26726726726723,0.03181505024406167,0.7621695110528339,0.10525976967081979,0.999999618673294,0.0016920302618815362
67.36736736736738,0.03180403051334987,0.7619617170000342,0.10525978026083739,0.999999598855997,0.0016885291690931332
67.46746746746744,0.031791068123713816,0.7617478579362686,0.1052597860424793,0.9999995898536691,0.0016801454499526165
67.56756756756756,0.03177910611601516,0.7615396922840952,0.10525976752223637,0.9999996582078223,0.0016721533069947489
67.6676676676677,0.031769630270675954,0.7613246102636871,0.10525972165237148,0.9999997197259738,0.0016692741483795197
67.76776776776772,0.03175897691065868,0.7611053535732488,0.10525965733414352,0.999999802518158,0.0016631046787144762
67.86786786786787,0.03174875220866859,0.7608864756249204,0.10525954360082737,0.999999875844262,0.0016573430775718306
67.96796796796794,0.031739668505749094,0.7606612589495421,0.10525939411995605,0.999999882288117,0.0016522115171142136
68.06806806806809,0.03173264778227565,0.7604396193513739,0.1052592206983778,0.9999998536773627,0.0016524482047775367
68.1681681681682,0.0317256822939476,0.7602080057183236,0.1052589917611791,0.9999997899770171,0.0016530081934797514
68.26826826826824,0.03171810740116236,0.7599866416636875,0.1052587558797881,0.9999997719613504,0.0016504006683360597
68.36836836836837,0.03171097417961457,0.7597541672237542,0.10525860580939478,0.9999997727621852,0.0016462722640410358
68.4684684684685,0.03170330006594218,0.7595211288550706,0.10525845869340938,0.9999997604072305,0.0016362428293946714
68.56856856856858,0.031696419422081,0.7592861511057057,0.10525829080723303,0.9999997311857058,0.001625850869135051
68.6686686686687,0.03168941250272862,0.7590524486569854,0.10525809851593551,0.9999996751581897,0.0016142116455755814
68.76876876876875,0.031682551621978625,0.7588122399389515,0.10525792668141497,0.9999996651489943,0.0016027618542896272
68.86886886886886,0.03167662794387823,0.7585730202879881,0.10525779741077267,0.9999996406523228,0.001593201580577658
68.96896896896901,0.03167020311171883,0.7583317893011641,0.10525771804248042,0.9999995890918951,0.0015818773671089996
69.06906906906907,0.031664949972744216,0.7580954093341323,0.10525763950990463,0.9999995656155505,0.0015712143924550674
69.16916916916922,0.031660899455218335,0.7578552723797973,0.10525756387869006,0.9999996103969633,0.001562284185481654
69.26926926926924,0.031656921481484024,0.7576193726805506,0.10525751286369489,0.9999996693279963,0.0015527858479758756
69.36936936936938,0.03165242362003293,0.7573891727275375,0.10525745487533451,0.9999996486018278,0.0015399520127659576
69.4694694694695,0.03164871292301607,0.7571538159582228,0.1052574282621402,0.9999995140441191,0.0015292649578741875
69.56956956956957,0.03164436279988552,0.7569154835043138,0.10525734941138923,0.9999995415927158,0.001514892432283048
69.66966966966972,0.03164122473896446,0.7566816125764382,0.1052571474678821,0.9999996231099819,0.0015017661425420399
69.76976976976977,0.031637480826324185,0.7564501285865709,0.10525688551669057,0.9999996691215827,0.0014866620602002163
69.86986986986987,0.031633840203004915,0.7562101669266906,0.10525657788140558,0.9999996413048629,0.001470615618862009
69.96996996997,0.031630941123245514,0.7559806143170594,0.10525629602395689,0.9999996173252926,0.0014557394829618994
70.07007007007006,0.03162761773962403,0.7557489450311681,0.10525606692807213,0.9999996320547043,0.0014382352562192116
70.17017017017021,0.0316249414004518,0.7555228878478507,0.10525587379567126,0.9999996223667528,0.0014213873387289879
70.27027027027026,0.03162268144067406,0.7552988638027458,0.1052556337027048,0.9999996230472976,0.0014035930876184818
70.3703703703704,0.03161979044191287,0.7550813226384385,0.10525532462690493,0.9999996433775316,0.0013844612031285392
70.47047047047049,0.031617699642543746,0.7548601477516709,0.10525498816927276,0.999999687641995,0.0013658717973767456
70.57057057057057,0.0316155976614072,0.7546457840089916,0.10525464484491279,0.9999997216126996,0.0013465873093138298
70.6706706706707,0.03161412371172253,0.7544236500553017,0.10525431826165405,0.9999996922536456,0.0013270720323814527
70.77077077077078,0.03161215573519354,0.7542112484965441,0.10525412867622316,0.999999698392265,0.0013061110957102392
70.87087087087089,0.03161027169260522,0.7539974241285237,0.10525381737671395,0.999999634542192,0.0012843533008492147
70.970970970971,0.0316086650773049,0.7537896493741656,0.1052533618626549,0.9999995814989102,0.0012623814464766726
71.07107107107106,0.03160677329839939,0.7535827208874716,0.10525283607522003,0.9999995992228798,0.0012388515468534113
71.1711711711712,0.03160561645883497,0.7533828131649631,0.10525233962328208,0.9999996558723772,0.0012167782429610308
71.27127127127127,0.0316036971155483,0.7531847260002589,0.10525199548123662,0.999999680954806,0.0011923371414142307
71.3713713713714,0.031601738913048946,0.7529964507291618,0.10525189124432577,0.9999997076932147,0.001167744272580865
71.47147147147149,0.03160038027404876,0.7528049886596959,0.10525169268670226,0.9999997546907827,0.0011434334623941652
71.57157157157155,0.03159870185912111,0.7526187355832039,0.1052511794274514,0.9999997047690757,0.0011180723540357826
71.67167167167169,0.03159709341745647,0.7524424891163072,0.1052505287234036,0.9999996947548293,0.0010937762212839966
71.77177177177177,0.03159617141717482,0.7522687603815817,0.1052500347648254,0.9999996888772429,0.0010705977515066542
71.87187187187189,0.03159532628217545,0.7520976267850202,0.10524959923151678,0.9999996815290115,0.001046560375502499
71.971971971972,0.031594494547483296,0.7519273449356247,0.10524932765077165,0.9999996997219126,0.0010217682464704553
72.07207207207205,0.031593729227925534,0.7517660937638848,0.10524897916893802,0.9999997045924656,0.00099710476365067
72.1721721721722,0.03159284006188117,0.751606905415464,0.10524833282903097,0.9999996905142364,0.0009719852660342033
72.27227227227226,0.031591868450655036,0.7514468477181625,0.10524780005341837,0.9999996624601302,0.0009456489172971236
72.3723723723724,0.03159122195080952,0.751295492316472,0.10524719010821085,0.999999671594656,0.0009210304402252538
72.47247247247249,0.03159070559134606,0.751150183987703,0.10524662657586063,0.9999997107979084,0.0008971262953254346
72.57257257257255,0.03159015337071702,0.7510076926246162,0.10524614753038128,0.9999997253837786,0.000872952651768561
72.67267267267269,0.03158935209299879,0.7508659312068097,0.10524564513625286,0.9999997289638387,0.0008478549449246725
72.77277277277275,0.031588591411107876,0.7507275076046643,0.10524512465740987,0.9999997016941778,0.0008229923038088267
72.87287287287289,0.03158814098308677,0.7505944756469549,0.10524458404933676,0.9999996884854281,0.00079908295136648
72.97297297297303,0.03158773318227396,0.7504688944781547,0.10524378864418,0.9999997090894746,0.0007766074749811913
73.07307307307305,0.03158750326722312,0.7503476527270321,0.10524258312942494,0.9999997222471384,0.0007557044110673629
73.17317317317318,0.03158693635632816,0.7502293157340959,0.10524105357945895,0.9999996977378873,0.000734402057129991
73.27327327327325,0.03158640888645079,0.7501123834570107,0.10523964278114196,0.9999996523174182,0.0007131138422736818
73.37337337337338,0.03158610414831241,0.7499981498252409,0.1052388675815224,0.9999996439713202,0.0006914416769122364
73.47347347347352,0.03158579658788511,0.7498932565093233,0.10523784236272184,0.9999996594179182,0.0006719873296935042
73.57357357357358,0.03158537646687934,0.7497917324657581,0.10523662459773056,0.9999997585499212,0.0006526964087773216
73.67367367367368,0.03158485772750597,0.7496883972920718,0.10523578216991669,0.9999997305486895,0.000631506282674219
73.77377377377375,0.03158460436688393,0.7495912811043586,0.10523427162514279,0.9999995931199938,0.0006130054369842083
73.87387387387388,0.03158444596594554,0.7494934107583144,0.1052330702872694,0.9999995786715271,0.000593796026352353
73.97397397397403,0.03158407254061219,0.7494047923116924,0.1052321759428749,0.9999996251646267,0.0005754790511966427
74.07407407407408,0.03158387808436011,0.7493162390765874,0.10523135342754017,0.9999995837597221,0.0005570301158891749
74.17417417417418,0.03158357003985211,0.7492373076449661,0.10523036995441302,0.9999994502329619,0.0005403341554890198
74.27427427427425,0.03158323035953064,0.7491566613809192,0.10522933735300732,0.9999993559851114,0.0005231378608747022
74.37437437437438,0.03158289654367564,0.749075565418443,0.10522828422063481,0.9999994490818973,0.0005058239208459032
74.47447447447452,0.03158250239096024,0.7489985272565358,0.10522722325433788,0.9999995210264686,0.0004892384005962072
74.57457457457458,0.03158216075231709,0.7489272645705884,0.10522649833927719,0.99999965999429,0.0004734018303490219
74.67467467467468,0.03158193001526125,0.7488600434639587,0.10522552593248273,0.9999997455518204,0.0004590089860561871
74.77477477477474,0.03158156678279124,0.748792966115907,0.10522378043900482,0.9999997794615079,0.000445460634343498
74.87487487487488,0.03158129608972674,0.7487281206584084,0.10522215948899075,0.9999997632688296,0.00043222269440705964
74.97497497497501,0.031581096431445764,0.7486717559238911,0.10522041254854726,0.9999997527814757,0.0004213043761128379
75.07507507507508,0.031580853485703705,0.7486179015970527,0.10521875772140327,0.9999997759945547,0.00041040361303545686
75.17517517517518,0.031580642634990254,0.7485600697622358,0.10521704913423119,0.9999998156116027,0.000398366407016198
75.27527527527523,0.031580443174417654,0.7485057509138852,0.10521532331733002,0.9999997562196125,0.00038714928036401184
75.37537537537538,0.03158020279731494,0.7484522024421101,0.10521370397259397,0.9999996357830256,0.00037571305633393774
75.4754754754755,0.031580005909956646,0.7484086506925686,0.1052123134928358,0.9999995723250878,0.0003665482404255157
75.57557557557558,0.031579883186399475,0.7483623576057102,0.10521072097971555,0.9999994815229135,0.00035718428593360034
75.67567567567568,0.031579766235668785,0.7483176913585325,0.10520866080824848,0.9999995031477611,0.00034880541100153423
75.77577577577574,0.03157962257752013,0.7482729537566917,0.1052072994582107,0.9999996414962468,0.0003392579250553154
75.87587587587588,0.031579367488880454,0.7482318683453756,0.10520513840152684,0.999999732648253,0.0003317325428917356
75.97597597597601,0.03157912309303826,0.7481919804513395,0.10520265485682267,0.9999997693182267,0.00032537266692087106
76.07607607607608,0.03157883871564653,0.7481557852510353,0.10520010071286692,0.9999997699699242,0.0003201566142115637
76.17617617617621,0.031578513447900955,0.748119327501128,0.10519850044831466,0.9999997220270743,0.0003134112897126511
76.27627627627623,0.03157822058953136,0.7480862437285699,0.10519621192746828,0.9999997295068367,0.00030847438401692496
76.37637637637637,0.031577949255885036,0.7480533666721566,0.1051932855870751,0.9999997281229415,0.0003040558869728802
76.4764764764765,0.031577713857247065,0.7480226920150418,0.10519128733497765,0.9999995773648945,0.00029893332812871477
76.57657657657657,0.031577442416663846,0.7479928564032093,0.10518852885303949,0.9999995944665657,0.00029504746906196196
76.6766766766767,0.03157726266208787,0.7479625586245994,0.10518545203891398,0.9999997185309473,0.00029174192091010835
76.77677677677677,0.031577048089354534,0.7479355994443236,0.10518222809548788,0.9999997663050206,0.00028903129458796825
76.87687687687686,0.031576913796140416,0.7479092089035253,0.10518005995445662,0.9999997687826466,0.0002852766757085711
76.976976976977,0.031576819149253636,0.7478823643342137,0.10517792915963889,0.999999734501547,0.00028172360075353004
77.07707707707706,0.03157662889595078,0.7478601288895301,0.10517424970843316,0.9999997371400015,0.00028127296854564413
77.17717717717721,0.0315763986704666,0.7478367195213396,0.10517157904514254,0.9999997946485726,0.00027909229867300055
77.27727727727726,0.031576227212106185,0.7478136324491439,0.1051691468317962,0.9999997846977376,0.0002769989595222264
77.37737737737737,0.03157605242462968,0.747792639537989,0.10516532912484787,0.9999997586235047,0.0002773245890044853
77.47747747747749,0.031575806266085776,0.7477734980819672,0.10516217739613681,0.9999997425510498,0.00027684116743938354
77.57757757757757,0.031575649774693015,0.7477537128443132,0.10515834893249211,0.9999997315211322,0.000277528495497007
77.6776776776777,0.03157554349465118,0.7477357084840202,0.10515450577013037,0.9999997624644017,0.00027871542841511677
77.77777777777777,0.0315754383379789,0.7477180093976715,0.10515015992529458,0.9999997717596869,0.00028059739444894887
77.87787787787786,0.03157534571577802,0.7477030323562831,0.10514562618035013,0.9999997442742486,0.0002835114398898005
77.97797797797799,0.031575162637493666,0.7476864339929368,0.10514207981241055,0.9999997195669222,0.0002840217495719385
78.07807807807806,0.03157493368878677,0.7476721658746887,0.10513712286997762,0.9999996354135035,0.00028719173243449365
78.1781781781782,0.03157464247870876,0.7476575526778085,0.10513303720113844,0.9999995419990977,0.00028896890824770037
78.27827827827826,0.031574260919134164,0.7476447330277068,0.1051293180767888,0.9999994852992867,0.00029079075210431966
78.37837837837837,0.03157397313760482,0.7476316572815377,0.10512425770020115,0.9999995279987284,0.0002949969015818533
78.47847847847848,0.03157373374399633,0.7476201029602555,0.10511896827849687,0.9999994583169075,0.0002999170945232384
78.57857857857856,0.03157345829626759,0.7476079322824977,0.10511324460936924,0.9999993867543507,0.0003051755007707406
78.6786786786787,0.03157313710108563,0.7475960450075736,0.10510740399405444,0.999999545420578,0.00031072158640653067
78.77877877877877,0.0315727961370664,0.7475851973705736,0.10510251090398175,0.9999996313710263,0.00031562620642987
78.87887887887887,0.03157245848316527,0.7475738266184845,0.10509688304371155,0.9999997176120764,0.0003216933598039938
78.978978978979,0.03157218699233931,0.747564986057705,0.10508967848942699,0.999999734910463,0.00033046136709266464
79.07907907907905,0.03157197700932762,0.7475551417667666,0.10508223227373246,0.9999996887235415,0.000339123413189225
79.1791791791792,0.03157170228667762,0.7475460807948923,0.1050757830473512,0.9999996168468813,0.0003465306210059236
79.27927927927927,0.03157134640176116,0.7475370427500757,0.10506924665969343,0.9999995218984548,0.00035416120734491514
79.37937937937939,0.03157092186478476,0.7475292367570462,0.10506330981497078,0.9999993796129178,0.0003611572329488609
79.4794794794795,0.03157043283588885,0.7475227008133289,0.10505476514947151,0.9999992572499092,0.0003722756537642934
79.57957957957954,0.031569904487506066,0.7475154889458503,0.10504714294371108,0.9999992207275595,0.00038182664478431897
79.6796796796797,0.031569441384107014,0.7475072962646544,0.10503797896326592,0.9999992802201325,0.00039314536041798063
79.77977977977976,0.03156902859269875,0.7475010042462493,0.10503054227194708,0.999999383626709,0.00040283264427849074
79.87987987987988,0.03156854751838719,0.7474940705334848,0.1050209295526886,0.9999995240805775,0.0004158350591625268
79.97997997998002,0.031568084114395475,0.747488224913357,0.10501197956357082,0.9999996390529732,0.0004282654072932676
80.08008008008004,0.03156769292046367,0.7474821425627037,0.10500291287285202,0.9999996720182337,0.0004404868648346044
80.18018018018019,0.03156739583845875,0.7474767439786778,0.10499451547189244,0.9999996937445512,0.0004519522200886708
80.28028028028025,0.03156704883781276,0.7474715755489755,0.10498726929029623,0.999999764003961,0.00046201999211389634
80.3803803803804,0.03156646706983727,0.7474666463376616,0.10497749114036325,0.999999732712463,0.00047639926874516833
80.48048048048051,0.03156585642239643,0.7474619581947078,0.10496701375877338,0.9999997012447479,0.0004914152472691043
80.58058058058056,0.03156530186561754,0.7474570333130397,0.1049562466593466,0.999999620243881,0.000506142976505318
80.68068068068068,0.03156470488617989,0.7474526249896835,0.10494511748166781,0.9999995743747239,0.0005214373060350047
80.78078078078076,0.031563821032850194,0.7474487467935069,0.10493361339561558,0.9999995822261849,0.0005374089789526371
80.8808808808809,0.031563210379469804,0.7474443223292828,0.10492104690898366,0.9999996130193358,0.0005546899303565751
80.98098098098102,0.031562420249426903,0.7474407331763446,0.1049094661517091,0.9999996357540438,0.0005714019739884145
81.08108108108105,0.03156148455470986,0.74743782366246,0.10489733630355395,0.9999995282691172,0.0005891496623619193
81.18118118118117,0.031560659123312435,0.7474340643269284,0.10488469033280731,0.9999994301229131,0.0006071901212115617
81.28128128128125,0.031559798086244595,0.7474309250719461,0.1048717237672681,0.9999994502372729,0.0006263865612514579
81.38138138138139,0.03155892048469457,0.7474278236348922,0.10485911025188532,0.9999994515628633,0.0006444347957096484
81.48148148148151,0.031558501983496016,0.7474252957421551,0.10484614434644769,0.9999992727500258,0.0006618038810534678
81.58158158158156,0.031557718179705124,0.7474221002143608,0.1048317050039778,0.9999992083328716,0.0006820789135980093
81.68168168168167,0.03155679851086973,0.7474188085920529,0.10481559995249118,0.9999993845973153,0.0007053532097510854
81.78178178178182,0.031556231868630165,0.7474158518602892,0.10479941952806872,0.9999994864549079,0.0007285079207188769
81.88188188188188,0.031555138817718244,0.74741364690463,0.10478349815150616,0.9999994904171641,0.0007527979121045522
81.98198198198203,0.031554476312322645,0.7474114704229502,0.10476581667064488,0.9999990161858655,0.0007775866238941945
82.08208208208205,0.0315534527901014,0.7474092755769786,0.10474686359449575,0.9999979989052576,0.0008042216513636783
82.18218218218219,0.03155301171341981,0.7474070716455702,0.10472896167527161,0.999997224814657,0.0008284598320115991
82.28228228228231,0.03155243139343214,0.7474056603168642,0.10471004040258224,0.9999970980044992,0.0008545141806971389
82.38238238238237,0.03155160268193791,0.7474041991510563,0.10468953784983923,0.9999979562329505,0.000882870502457049
82.48248248248252,0.031550687914157376,0.747402609084338,0.10466911940719109,0.9999984203274971,0.0009112374744467862
82.58258258258257,0.03154997832092235,0.7474009149882586,0.10465011643531082,0.9999986648972907,0.000937536302977207
82.68268268268268,0.03154911449692247,0.7473995926669178,0.1046275069085491,0.999998986107205,0.0009685657737189736
82.7827827827828,0.031547930959213426,0.7473982813427907,0.10460479168352906,0.9999992664193398,0.0010008320821949391
82.88288288288287,0.031546482193303194,0.7473970892888695,0.10458329428897177,0.9999993029850168,0.0010314476997777902
82.98298298298302,0.03154493423400324,0.7473953096176691,0.10456027004230288,0.9999993141307792,0.0010642038796613784
83.08308308308307,0.03154366392126907,0.7473938882470003,0.1045344492877753,0.9999992458764564,0.0010998071950121674
83.1831831831832,0.03154210267082799,0.747392709750338,0.10450916971553018,0.9999992691587037,0.0011350724259509932
83.2832832832833,0.03154056762002687,0.7473914657313725,0.10448322832738478,0.999999382463516,0.001170932172644208
83.38338338338338,0.03153851597280075,0.7473900072829666,0.10445649745261158,0.9999994759036775,0.0012088463114774011
83.48348348348351,0.0315371218748012,0.7473888808273478,0.10442865552268968,0.9999995918031288,0.0012466947591187974
83.58358358358359,0.03153529028250597,0.7473878226418519,0.10440127405119666,0.9999996111698563,0.0012848882556227908
83.6836836836837,0.031533998464526605,0.7473871050441554,0.10437120241605703,0.9999995776878458,0.001325011048873987
83.7837837837838,0.03153290769795023,0.7473862448246776,0.10434261424972908,0.9999996278938194,0.0013626733279040906
83.88388388388387,0.03153132068876224,0.7473850890939436,0.10431023456606803,0.999999671432248,0.001405681473670774
83.983983983984,0.03153010251520662,0.7473839821817806,0.10427652452782422,0.9999996951152323,0.001449135942146578
84.08408408408408,0.0315282387493862,0.7473835427280574,0.10423954255203333,0.9999997206897692,0.001497327026625145
84.1841841841842,0.031526252730213325,0.7473827732760627,0.10420467108433241,0.9999997559438752,0.0015426878677717395
84.2842842842843,0.03152345802728575,0.7473820135690994,0.1041667620130707,0.999999755297252,0.0015934631206007358
84.38438438438436,0.031520361178306734,0.747381223980634,0.10412999539927933,0.9999996660021341,0.0016430305940045946
84.4844844844845,0.031518370031800746,0.7473805912978093,0.10408982356904795,0.9999996150430757,0.0016937100596264695
84.58458458458458,0.031515551288851945,0.7473799891079692,0.10405398077087818,0.9999996095690021,0.0017409420296753567
84.6846846846847,0.031514309240892956,0.7473794055297486,0.1040146637088129,0.9999994865168804,0.00178831454663065
84.7847847847848,0.03151259157243277,0.7473789509291585,0.10397400621464835,0.9999993074579964,0.0018383069389604101
84.88488488488485,0.031509999602409536,0.7473784502525594,0.10393025387738827,0.999999253459361,0.0018934655604404946
84.984984984985,0.03150739694976333,0.7473779548972653,0.1038863236491695,0.999999374275847,0.0019475641644302374
85.08508508508507,0.03150481771651989,0.7473775920416903,0.10384132960590538,0.99999942465997,0.002002809237846356
85.1851851851852,0.03150166257573426,0.7473770796043134,0.10379878346994581,0.9999994363520799,0.0020557559521865573
85.2852852852853,0.03149854429772177,0.7473765414904664,0.10375435156421,0.9999994198024974,0.002109768902934991
85.38538538538536,0.03149532380467848,0.7473760594608606,0.10370646204722464,0.9999994246930471,0.0021675698494043162
85.4854854854855,0.03149298547136398,0.7473756571183613,0.10365884194141013,0.9999994186584816,0.00222222702507981
85.58558558558556,0.03148969372594087,0.7473753801786193,0.10361009182927651,0.9999994182848757,0.002278979969713398
85.6856856856857,0.03148637525432054,0.7473750705325556,0.10355796432277924,0.9999994328142112,0.00233887173295328
85.78578578578583,0.03148197758219524,0.7473747106592837,0.10350452532796388,0.9999995418485578,0.002402335304569648
85.8858858858859,0.03147885383815437,0.7473744198574619,0.10345268072068356,0.999999680305802,0.0024603473845926623
85.98598598598599,0.03147522249786903,0.7473741370711153,0.10339511034693072,0.9999997353762907,0.002523818753586898
86.08608608608607,0.03147130690672952,0.747373904784705,0.1033398225258522,0.9999997373712803,0.0025845220689052935
86.18618618618619,0.03146637148572909,0.7473737178919364,0.10327536346143099,0.9999997103019961,0.002655111083700186
86.28628628628633,0.03146228953162858,0.7473735378572187,0.10321428226449393,0.9999996804619431,0.0027198317671358434
86.38638638638639,0.03145742215761787,0.7473732334814681,0.10315165751485621,0.9999996745145716,0.002786891127003394
86.4864864864865,0.03145319559342259,0.7473728939038244,0.10308866314548047,0.9999996515778141,0.0028518216786709316
86.58658658658658,0.03144862487168726,0.7473725594808522,0.10302556836092297,0.9999996394994195,0.002916692802026299
86.68668668668668,0.03144369687845253,0.7473722926941083,0.1029607323878724,0.9999996400111874,0.0029827621267777896
86.78678678678682,0.031438904331969136,0.7473720214526958,0.10289160141737515,0.9999995276642037,0.0030512694514644263
86.8868868868869,0.031433771218828184,0.7473717891753574,0.10282044543710964,0.9999993989394357,0.0031207279379575504
86.98698698698699,0.031429327062063514,0.7473716212013882,0.1027526015410122,0.9999992851137737,0.003183918469427616
87.08708708708707,0.03142398424837232,0.7473714584566151,0.10267601822400069,0.9999992983163413,0.0032540144525102497
87.18718718718718,0.031416959232076894,0.7473713182035236,0.1026049286175223,0.9999993570775495,0.0033218950565106573
87.28728728728731,0.03140938312540025,0.7473712583684021,0.1025286195626608,0.999999467273566,0.0033928583665357903
87.38738738738739,0.03140314631675399,0.7473711956844606,0.10245268528355321,0.9999995842638897,0.0034594573861269524
87.4874874874875,0.03139692337029356,0.7473710827244175,0.10237584631507927,0.9999996506541448,0.0035254417190786662
87.58758758758756,0.031390008690750405,0.7473710278447763,0.10230085816968955,0.9999996903301082,0.003589637761758006
87.68768768768771,0.031383295885278564,0.7473709534903845,0.1022195184377916,0.9999996781193291,0.0036556992513152335
87.7877877877878,0.03137560248024197,0.7473708442110664,0.10213998140233083,0.9999996388387219,0.003720869463402145
87.88788788788791,0.031366767817869845,0.7473706073415467,0.10206018692442523,0.999999631577492,0.0037875138266051525
87.98798798798799,0.031358220562689096,0.7473703050932392,0.10197858807596137,0.9999996731406648,0.003853204264688373
88.08808808808807,0.03134996495871426,0.7473699876340467,0.10189230135865951,0.999999646419635,0.0039195654359167175
88.1881881881882,0.03134015162102734,0.7473698968150131,0.10180811262471005,0.99999957139624,0.003984915308757405
88.2882882882883,0.03133256347362042,0.7473699814166975,0.1017221760641475,0.9999996067035196,0.004042843682023488
88.3883883883884,0.03132237755776361,0.7473699984142829,0.10163173651362337,0.9999997298143595,0.004106410837933648
88.48848848848853,0.0313120853935987,0.7473699559930304,0.10153963975790817,0.9999998274276409,0.004169010659814272
88.58858858858856,0.03130198783311481,0.7473698743797161,0.10145231198952796,0.9999997637276488,0.004226948055715017
88.6886886886887,0.03129167338447546,0.7473697511181282,0.10136019894618718,0.9999997257124733,0.004285170987230506
88.78878878878879,0.0312813664003952,0.7473695324722589,0.10126413184968337,0.9999997795095945,0.004342908653434537
88.8888888888889,0.0312720876173285,0.7473693686341984,0.10116997433095788,0.9999997719752611,0.004395185456126048
88.98898898898902,0.031261900608133254,0.7473692798372845,0.1010804538805979,0.9999996092812246,0.004445206975009377
89.08908908908911,0.03125117815992966,0.7473692139291456,0.10098759120902268,0.9999994924647874,0.0044948279591431285
89.18918918918921,0.031236095408289696,0.7473691372097375,0.10089583172327277,0.999999504574546,0.0045509247263097055
89.28928928928929,0.031223876621395225,0.7473691299881782,0.10080562548746098,0.9999995231695905,0.004597922028577555
89.3893893893894,0.031211005304519663,0.7473691435741399,0.10070358375386251,0.999999566234896,0.004646149149503331
89.48948948948953,0.031195595469360547,0.7473690617225545,0.10060800686550905,0.9999995874992791,0.004696075555186625
89.58958958958961,0.03118181576960292,0.7473689549813897,0.10051265952372354,0.99999967861777,0.0047398929877384855
89.6896896896897,0.031165435042524628,0.747368895620939,0.10041534460609675,0.9999997440891499,0.004786281742102516
89.78978978978978,0.031148439738747438,0.7473688834933772,0.10032047281756817,0.9999997963622144,0.004830653541352795
89.88988988988989,0.031133261736743655,0.7473688220477747,0.10022171036440232,0.9999998344040596,0.004869231662177216
89.98998998999002,0.03111720775253506,0.7473687583590244,0.100124009952907,0.9999998432866372,0.004906625717785171
90.09009009009014,0.03109967671533378,0.7473687947677532,0.10002835702248752,0.9999998414140275,0.004943651195089074
90.19019019019022,0.031082713866611895,0.7473687992401349,0.09992817414898365,0.9999998156234642,0.004977117177777521
90.29029029029026,0.031066016346048136,0.747368811382005,0.09982841655512326,0.9999997898251441,0.005007015280121598
90.39039039039038,0.03104590350132913,0.7473687704494065,0.09973594679644074,0.9999997521552998,0.005041573568061948
90.49049049049052,0.031026444938613194,0.74736866468383,0.09963533682979289,0.9999996344188719,0.005071716574484383
90.59059059059064,0.03100529361920606,0.7473685620569008,0.09954077474580861,0.9999995167042707,0.005103013004147966
90.69069069069073,0.0309859325097306,0.7473685237688948,0.09944317969169729,0.9999995087231652,0.005127280236011218
90.79079079079075,0.030965224506586304,0.7473684652314848,0.09934688419121697,0.9999995593665173,0.005151792199959238
90.89089089089089,0.030941980591899804,0.7473684851228423,0.09925144376238973,0.999999674308544,0.005178078422237702
90.99099099099101,0.03091664719367375,0.7473685115645194,0.09915777415535867,0.9999997079269414,0.005206067030894766
91.09109109109114,0.030892289090077213,0.7473685209518935,0.09906299896909011,0.9999996587471106,0.005229234318509634
91.19119119119122,0.03086745284470576,0.7473685175764692,0.09897424151585227,0.9999996239174043,0.0052524335330404225
91.29129129129124,0.0308409830841794,0.7473685081888959,0.09887948360797001,0.9999995131123545,0.00527438411929047
91.39139139139138,0.030815595928702682,0.7473685230007946,0.09878660925695153,0.9999994837855333,0.005291872829401155
91.4914914914915,0.030787746179269257,0.7473684852007109,0.09869562840345568,0.9999995329563366,0.00531235685036054
91.59159159159164,0.03076103033605975,0.7473684596883996,0.09860640379538506,0.999999558502006,0.00532866342880877
91.69169169169177,0.030733137996691095,0.7473684217121118,0.09852093448669057,0.9999996250171167,0.00534632628843103
91.79179179179174,0.03070517361192407,0.7473683592909165,0.09842968517870297,0.9999996584834303,0.0053592502026527985
91.89189189189187,0.030673884163657128,0.7473683399328837,0.0983470960237368,0.9999996779069298,0.005379401081474916
91.991991991992,0.03064530066567461,0.7473683654361666,0.09826089799908988,0.9999996532344265,0.0053901956502318904
92.09209209209213,0.030610191788635038,0.7473683340685922,0.09817607369763828,0.9999997057066153,0.005411448430461721
92.19219219219227,0.03057392042632495,0.7473682638809854,0.09809336255606373,0.9999997070294367,0.0054335710357057
92.29229229229227,0.03053757650426241,0.7473681463159644,0.09800957457059015,0.9999996743635162,0.005453002899441752
92.39239239239237,0.030502344935681804,0.7473680107441856,0.09793135013951217,0.9999996961044204,0.005471365898185027
92.4924924924925,0.03046381920239727,0.7473679207114904,0.09785244364427621,0.999999722497351,0.005492370245668561
92.59259259259262,0.03042748237109878,0.7473678969653074,0.09777260976146615,0.9999997511699537,0.005506098112939912
92.69269269269277,0.03039191553326166,0.7473679039823693,0.09769416714356678,0.9999997613152909,0.0055170483448607885
92.79279279279277,0.030349358040154772,0.7473679438512707,0.09761367134777761,0.9999997491851425,0.0055363438754699595
92.89289289289286,0.030305668495225646,0.7473680141440906,0.09753471734195428,0.9999997599782624,0.005555882650480571
92.992992992993,0.030261874821598225,0.7473680932748914,0.0974592977521196,0.9999997453981765,0.005575474071560717
93.09309309309313,0.030213467608528395,0.7473681597188633,0.09738826797511727,0.9999997360717017,0.0056035696412368215
93.19319319319327,0.03016716983910662,0.7473681506234046,0.09731929151785056,0.9999997412870236,0.005627750866432841
93.29329329329327,0.030119758767075195,0.7473681158628972,0.09724380136728862,0.9999997322480021,0.005646490763743479
93.39339339339335,0.03006963502924516,0.7473681005590224,0.09717275175157954,0.9999996861202275,0.005670476858942126
93.49349349349349,0.030026328969629305,0.7473680852305552,0.09710613956481162,0.9999996522385309,0.005684975374672075
93.59359359359362,0.02997393916988019,0.7473679961396876,0.09704058248911146,0.9999996269558439,0.005712687388467045
93.69369369369376,0.029920980593559705,0.7473678865297715,0.09697703330623163,0.9999996500814333,0.005740536343162452
93.79379379379377,0.029866888444015187,0.74736793287304,0.09691433548029572,0.999999667825753,0.005767948710562641
93.89389389389387,0.029812591221363444,0.7473679888687862,0.09685266662093575,0.999999752774831,0.005794068443793878
93.99399399399398,0.029756305519725006,0.747367989071457,0.09679020687348501,0.9999997672898606,0.005820151821335991
94.09409409409415,0.029696712554087193,0.747367890619125,0.09672779094378049,0.9999997693019109,0.005849242053954884
94.19419419419425,0.02963813199677855,0.7473678186717909,0.09666722852501301,0.9999996445320081,0.005876036436273295
94.29429429429426,0.029573313586798728,0.7473678116782025,0.09661162425668632,0.9999996016798214,0.005913378510233014
94.39439439439437,0.029508368321680245,0.7473677855678047,0.0965569728006275,0.999999643211607,0.005949212476044599
94.4944944944945,0.02944100455741472,0.7473677142540259,0.09650044621888422,0.9999996592834376,0.005983968875590114
94.59459459459464,0.029376001841175215,0.7473677334049182,0.09644640057803568,0.9999996735074015,0.006014644865713539
94.69469469469477,0.029310774522191343,0.7473677949925728,0.09639285523348919,0.9999997046854008,0.006043421971375085
94.79479479479475,0.029247662666524735,0.7473677922896551,0.09634381412577665,0.9999995522575972,0.006071914164715712
94.89489489489489,0.02918025658095218,0.7473677653885137,0.09629379004167599,0.9999993617243605,0.006102280964563579
94.994994994995,0.029110885239098643,0.7473677489398362,0.09624236849665252,0.9999993149696198,0.006130812693931866
95.09509509509513,0.02903363365438016,0.7473677412919474,0.09619246342635797,0.9999993610962334,0.0061673795343606804
95.19519519519527,0.028963170029106824,0.7473677001537984,0.09614723979199383,0.9999994873568441,0.006198388828858213
95.29529529529525,0.028887678571180887,0.7473676485087752,0.09610403576278537,0.9999996643647137,0.00623449609372918
95.39539539539538,0.02881615111819769,0.7473676487526328,0.09605863542543958,0.9999997082010664,0.00626083199246368
95.49549549549552,0.0287392361714263,0.7473676888631776,0.09601875725817116,0.9999996747844567,0.006295961047752763
95.59559559559563,0.02866386514460845,0.7473676543093316,0.09597822680630137,0.9999995973426883,0.006326196604797017
95.69569569569576,0.02858448101271795,0.7473676941886026,0.0959388863901923,0.9999996115999646,0.006358414826124372
95.79579579579574,0.02850270939028136,0.7473676857817676,0.09590055603316823,0.9999996388589253,0.006391225142562161
95.8958958958959,0.028422764069606674,0.7473676334633851,0.09586078098788925,0.9999995818740612,0.006417722080647029
95.99599599599601,0.028338035493787314,0.7473675600050926,0.095825628529131,0.9999995980087847,0.006450677527316852
96.09609609609612,0.028251412940448875,0.7473674617606273,0.09578915854371145,0.9999996993919219,0.0064804090830235285
96.19619619619625,0.0281666563196251,0.7473674134068582,0.09575225192951393,0.9999997730247628,0.006504274023044927
96.29629629629625,0.028078384419369728,0.7473674702711447,0.0957218809042353,0.9999998017066055,0.006534633135232735
96.3963963963964,0.02799094704621663,0.7473674728665318,0.09569009574492503,0.9999998121732646,0.0065593173716766585
96.49649649649653,0.027897630306026662,0.7473674085408353,0.0956580755421103,0.9999998432748112,0.006584603434862281
96.59659659659661,0.027804715779509413,0.7473673759214653,0.095628832569621,0.9999998491272153,0.006608989237953745
96.69669669669675,0.02771579102368122,0.7473674016685344,0.09560184014316758,0.9999997597973014,0.006629637433012379
96.79679679679674,0.027622720166069092,0.7473674057289299,0.09557409362321445,0.9999996660366741,0.006648141848456402
96.89689689689689,0.027524219376630528,0.7473673799476179,0.09554521410316003,0.9999996754693891,0.006664443964166527
96.99699699699703,0.027430595581983384,0.7473673867705991,0.09551808174642124,0.9999997259514593,0.006676108595920306
97.09709709709712,0.02733669162224786,0.7473673609991023,0.09549039516439582,0.999999822454164,0.006683246478349625
97.19719719719724,0.027244327521026828,0.7473673051268719,0.09546485657783745,0.9999998324066981,0.0066885192711748035
97.29729729729726,0.027146273702577904,0.7473671744211547,0.09543913996863314,0.9999997788316621,0.0066923207920149335
97.39739739739738,0.027047457565305678,0.7473672406667639,0.09541505593480996,0.9999997125353723,0.006693485464954672
97.49749749749752,0.02694700583683392,0.7473672850411167,0.09539200625006673,0.999999681887361,0.006692283628658026
97.59759759759761,0.026851511588710533,0.7473673535954214,0.09536944906990194,0.9999996930163296,0.006686065616651815
97.69769769769775,0.026751136261009487,0.7473673955251099,0.09534634721010575,0.999999727988081,0.006676150819298425
97.79779779779776,0.026654024076245956,0.747367437468787,0.09532589785818484,0.9999997830868722,0.006664929502153537
97.89789789789788,0.026556049314791913,0.7473674694283652,0.0953058948550976,0.9999997861109018,0.0066503619521587135
97.99799799799801,0.026453422959852573,0.7473674620591693,0.09528569093411028,0.9999997314771855,0.006631678410356853
98.09809809809815,0.026355015375207336,0.7473674145434395,0.09526745764281991,0.9999997026382889,0.006611061552232611
98.19819819819824,0.02625485950123312,0.7473673757164621,0.09524752529662557,0.9999997285370982,0.006583867943719013
98.29829829829825,0.0261535592952319,0.747367310416727,0.0952300328910697,0.999999690249972,0.0065554782386558754
98.39839839839837,0.02605666142009074,0.7473672069006885,0.09521087783749121,0.9999996445047555,0.00652093723436421
98.4984984984985,0.025954284746223456,0.7473671348735036,0.09519491273124399,0.9999996175527217,0.0064856836878690515
98.59859859859864,0.025855383807184096,0.7473671308125579,0.09517862726128495,0.9999996258066345,0.0064460787406359155
98.69869869869878,0.025753690457580077,0.7473670769299698,0.09516268224208926,0.9999996462544098,0.006402499400258274
98.79879879879874,0.025657856584953464,0.7473670198361613,0.09514796054268701,0.9999997179853491,0.006357933524723388
98.89889889889888,0.02555815058344053,0.7473669961314975,0.09513358361584309,0.9999997195344813,0.006308561234745418
98.998998998999,0.025464343861049264,0.7473669733809783,0.09511931326897106,0.9999996487133704,0.00625721842864847
99.09909909909915,0.02536775753916334,0.747367035918477,0.09510538538699258,0.9999995999277294,0.006200988898142934
99.19919919919927,0.02526786760938651,0.7473670590236343,0.095093686810213,0.999999642061705,0.006142333887112743
99.29929929929924,0.025170371501957337,0.7473670549411681,0.09508151989794193,0.9999996902009914,0.006079882452106774
99.39939939939937,0.025072109865895514,0.7473669722254964,0.09506856872957238,0.9999996310361053,0.006012198432838041
99.4994994994995,0.02497795233382101,0.7473669005112537,0.09505643322730908,0.9999995492116908,0.005943815585192241
99.59959959959964,0.024885503134887493,0.7473668652481588,0.09504460658430322,0.9999994787955853,0.00587325623900854
99.69969969969978,0.024797048257081854,0.7473668923754536,0.09503348454695407,0.9999995207700918,0.005802497950533241
99.79979979979973,0.024700667265465697,0.7473669534437581,0.09502367398302854,0.9999995886350661,0.0057245176656249225
99.89989989989986,0.02460981420841618,0.7473668623997117,0.09501298325385417,0.9999996102010716,0.005645497293346674
100.0,0.024522553745321914,0.747366746597477,0.09500209753855447,0.9999996474617648,0.005565834135080362
